row_id,sequence_type,sequence_id,sequence_counter,subject,orientation,behavior,phase,gesture,acc_x,acc_y,acc_z,rot_w,rot_x,rot_y,rot_z,thm_1,thm_2,thm_3,thm_4,thm_5,tof_1_v0,tof_1_v1,tof_1_v2,tof_1_v3,tof_1_v4,tof_1_v5,tof_1_v6,tof_1_v7,tof_1_v8,tof_1_v9,tof_1_v10,tof_1_v11,tof_1_v12,tof_1_v13,tof_1_v14,tof_1_v15,tof_1_v16,tof_1_v17,tof_1_v18,tof_1_v19,tof_1_v20,tof_1_v21,tof_1_v22,tof_1_v23,tof_1_v24,tof_1_v25,tof_1_v26,tof_1_v27,tof_1_v28,tof_1_v29,tof_1_v30,tof_1_v31,tof_1_v32,tof_1_v33,tof_1_v34,tof_1_v35,tof_1_v36,tof_1_v37,tof_1_v38,tof_1_v39,tof_1_v40,tof_1_v41,tof_1_v42,tof_1_v43,tof_1_v44,tof_1_v45,tof_1_v46,tof_1_v47,tof_1_v48,tof_1_v49,tof_1_v50,tof_1_v51,tof_1_v52,tof_1_v53,tof_1_v54,tof_1_v55,tof_1_v56,tof_1_v57,tof_1_v58,tof_1_v59,tof_1_v60,tof_1_v61,tof_1_v62,tof_1_v63,tof_2_v0,tof_2_v1,tof_2_v2,tof_2_v3,tof_2_v4,tof_2_v5,tof_2_v6,tof_2_v7,tof_2_v8,tof_2_v9,tof_2_v10,tof_2_v11,tof_2_v12,tof_2_v13,tof_2_v14,tof_2_v15,tof_2_v16,tof_2_v17,tof_2_v18,tof_2_v19,tof_2_v20,tof_2_v21,tof_2_v22,tof_2_v23,tof_2_v24,tof_2_v25,tof_2_v26,tof_2_v27,tof_2_v28,tof_2_v29,tof_2_v30,tof_2_v31,tof_2_v32,tof_2_v33,tof_2_v34,tof_2_v35,tof_2_v36,tof_2_v37,tof_2_v38,tof_2_v39,tof_2_v40,tof_2_v41,tof_2_v42,tof_2_v43,tof_2_v44,tof_2_v45,tof_2_v46,tof_2_v47,tof_2_v48,tof_2_v49,tof_2_v50,tof_2_v51,tof_2_v52,tof_2_v53,tof_2_v54,tof_2_v55,tof_2_v56,tof_2_v57,tof_2_v58,tof_2_v59,tof_2_v60,tof_2_v61,tof_2_v62,tof_2_v63,tof_3_v0,tof_3_v1,tof_3_v2,tof_3_v3,tof_3_v4,tof_3_v5,tof_3_v6,tof_3_v7,tof_3_v8,tof_3_v9,tof_3_v10,tof_3_v11,tof_3_v12,tof_3_v13,tof_3_v14,tof_3_v15,tof_3_v16,tof_3_v17,tof_3_v18,tof_3_v19,tof_3_v20,tof_3_v21,tof_3_v22,tof_3_v23,tof_3_v24,tof_3_v25,tof_3_v26,tof_3_v27,tof_3_v28,tof_3_v29,tof_3_v30,tof_3_v31,tof_3_v32,tof_3_v33,tof_3_v34,tof_3_v35,tof_3_v36,tof_3_v37,tof_3_v38,tof_3_v39,tof_3_v40,tof_3_v41,tof_3_v42,tof_3_v43,tof_3_v44,tof_3_v45,tof_3_v46,tof_3_v47,tof_3_v48,tof_3_v49,tof_3_v50,tof_3_v51,tof_3_v52,tof_3_v53,tof_3_v54,tof_3_v55,tof_3_v56,tof_3_v57,tof_3_v58,tof_3_v59,tof_3_v60,tof_3_v61,tof_3_v62,tof_3_v63,tof_4_v0,tof_4_v1,tof_4_v2,tof_4_v3,tof_4_v4,tof_4_v5,tof_4_v6,tof_4_v7,tof_4_v8,tof_4_v9,tof_4_v10,tof_4_v11,tof_4_v12,tof_4_v13,tof_4_v14,tof_4_v15,tof_4_v16,tof_4_v17,tof_4_v18,tof_4_v19,tof_4_v20,tof_4_v21,tof_4_v22,tof_4_v23,tof_4_v24,tof_4_v25,tof_4_v26,tof_4_v27,tof_4_v28,tof_4_v29,tof_4_v30,tof_4_v31,tof_4_v32,tof_4_v33,tof_4_v34,tof_4_v35,tof_4_v36,tof_4_v37,tof_4_v38,tof_4_v39,tof_4_v40,tof_4_v41,tof_4_v42,tof_4_v43,tof_4_v44,tof_4_v45,tof_4_v46,tof_4_v47,tof_4_v48,tof_4_v49,tof_4_v50,tof_4_v51,tof_4_v52,tof_4_v53,tof_4_v54,tof_4_v55,tof_4_v56,tof_4_v57,tof_4_v58,tof_4_v59,tof_4_v60,tof_4_v61,tof_4_v62,tof_4_v63,tof_5_v0,tof_5_v1,tof_5_v2,tof_5_v3,tof_5_v4,tof_5_v5,tof_5_v6,tof_5_v7,tof_5_v8,tof_5_v9,tof_5_v10,tof_5_v11,tof_5_v12,tof_5_v13,tof_5_v14,tof_5_v15,tof_5_v16,tof_5_v17,tof_5_v18,tof_5_v19,tof_5_v20,tof_5_v21,tof_5_v22,tof_5_v23,tof_5_v24,tof_5_v25,tof_5_v26,tof_5_v27,tof_5_v28,tof_5_v29,tof_5_v30,tof_5_v31,tof_5_v32,tof_5_v33,tof_5_v34,tof_5_v35,tof_5_v36,tof_5_v37,tof_5_v38,tof_5_v39,tof_5_v40,tof_5_v41,tof_5_v42,tof_5_v43,tof_5_v44,tof_5_v45,tof_5_v46,tof_5_v47,tof_5_v48,tof_5_v49,tof_5_v50,tof_5_v51,tof_5_v52,tof_5_v53,tof_5_v54,tof_5_v55,tof_5_v56,tof_5_v57,tof_5_v58,tof_5_v59,tof_5_v60,tof_5_v61,tof_5_v62,tof_5_v63
SEQ_000079_000000,Target,SEQ_000079,0,SUBJ_040310,Seated Straight,Moves hand to target location,Transition,Forehead - scratch,4.96875,-3.1796875,7.96484375,0.37567138671875,-0.3043212890625,0.03399658203125,-0.87469482421875,23.401525497436523,24.43628692626953,23.327316284179688,23.831371307373047,23.738584518432617,-1.0,-1.0,-1.0,-1.0,-1.0,-1.0,-1.0,-1.0,-1.0,-1.0,-1.0,-1.0,-1.0,-1.0,-1.0,-1.0,-1.0,-1.0,-1.0,-1.0,-1.0,-1.0,-1.0,-1.0,-1.0,-1.0,-1.0,-1.0,-1.0,-1.0,-1.0,-1.0,-1.0,-1.0,-1.0,-1.0,-1.0,-1.0,-1.0,-1.0,-1.0,-1.0,-1.0,-1.0,-1.0,-1.0,-1.0,-1.0,-1.0,-1.0,-1.0,-1.0,-1.0,-1.0,-1.0,-1.0,-1.0,-1.0,-1.0,-1.0,-1.0,-1.0,-1.0,-1.0,-1.0,-1.0,-1.0,-1.0,-1.0,-1.0,-1.0,-1.0,-1.0,-1.0,-1.0,-1.0,-1.0,-1.0,-1.0,-1.0,-1.0,-1.0,-1.0,-1.0,-1.0,-1.0,-1.0,-1.0,-1.0,-1.0,-1.0,-1.0,-1.0,-1.0,-1.0,-1.0,-1.0,-1.0,-1.0,-1.0,-1.0,-1.0,-1.0,-1.0,-1.0,-1.0,-1.0,-1.0,-1.0,-1.0,-1.0,-1.0,-1.0,-1.0,-1.0,-1.0,-1.0,-1.0,-1.0,-1.0,-1.0,-1.0,-1.0,-1.0,-1.0,-1.0,-1.0,-1.0,-1.0,-1.0,-1.0,-1.0,-1.0,-1.0,-1.0,-1.0,-1.0,-1.0,-1.0,-1.0,-1.0,-1.0,-1.0,-1.0,-1.0,-1.0,-1.0,-1.0,-1.0,-1.0,-1.0,-1.0,-1.0,-1.0,-1.0,-1.0,-1.0,-1.0,-1.0,-1.0,-1.0,-1.0,-1.0,-1.0,-1.0,-1.0,-1.0,-1.0,-1.0,-1.0,-1.0,-1.0,-1.0,-1.0,-1.0,-1.0,-1.0,-1.0,-1.0,-1.0,-1.0,-1.0,-1.0,-1.0,-1.0,-1.0,-1.0,-1.0,-1.0,-1.0,-1.0,-1.0,178.0,204.0,231.0,225.0,241.0,-1.0,-1.0,-1.0,-1.0,-1.0,-1.0,-1.0,-1.0,-1.0,-1.0,-1.0,-1.0,-1.0,-1.0,-1.0,-1.0,-1.0,-1.0,-1.0,-1.0,-1.0,-1.0,-1.0,-1.0,-1.0,-1.0,-1.0,-1.0,-1.0,-1.0,-1.0,-1.0,-1.0,-1.0,-1.0,-1.0,-1.0,-1.0,-1.0,-1.0,-1.0,-1.0,-1.0,-1.0,-1.0,-1.0,-1.0,-1.0,-1.0,-1.0,-1.0,-1.0,-1.0,-1.0,-1.0,-1.0,-1.0,-1.0,-1.0,-1.0,-1.0,-1.0,-1.0,-1.0,-1.0,-1.0,-1.0,-1.0,-1.0,-1.0,-1.0,-1.0,-1.0,-1.0,-1.0,-1.0,-1.0,-1.0,-1.0,-1.0,-1.0,-1.0,-1.0,-1.0,-1.0,-1.0,-1.0,-1.0,-1.0,-1.0,-1.0,-1.0,-1.0,-1.0,-1.0,-1.0,-1.0,-1.0,-1.0,-1.0,-1.0,-1.0,-1.0,-1.0,-1.0,-1.0,-1.0,-1.0,-1.0,-1.0,-1.0,-1.0,-1.0,-1.0,-1.0,-1.0,-1.0,-1.0,-1.0,-1.0,-1.0,-1.0,-1.0
SEQ_000079_000001,Target,SEQ_000079,1,SUBJ_040310,Seated Straight,Moves hand to target location,Transition,Forehead - scratch,4.96875,-3.29296875,8.08203125,0.376708984375,-0.3037109375,0.03424072265625,-0.87445068359375,23.37470436096192,24.438566207885746,23.377365112304688,23.846885681152344,23.83440399169922,-1.0,-1.0,-1.0,-1.0,-1.0,-1.0,-1.0,-1.0,-1.0,-1.0,-1.0,-1.0,-1.0,-1.0,-1.0,-1.0,-1.0,-1.0,-1.0,-1.0,-1.0,-1.0,-1.0,-1.0,-1.0,-1.0,-1.0,-1.0,-1.0,-1.0,-1.0,-1.0,-1.0,-1.0,-1.0,-1.0,-1.0,-1.0,-1.0,-1.0,-1.0,-1.0,-1.0,-1.0,-1.0,-1.0,-1.0,-1.0,-1.0,-1.0,-1.0,-1.0,-1.0,-1.0,-1.0,-1.0,-1.0,-1.0,-1.0,-1.0,-1.0,-1.0,-1.0,-1.0,-1.0,-1.0,-1.0,-1.0,-1.0,-1.0,-1.0,-1.0,-1.0,-1.0,-1.0,-1.0,-1.0,-1.0,-1.0,-1.0,-1.0,-1.0,-1.0,-1.0,-1.0,-1.0,-1.0,-1.0,-1.0,-1.0,-1.0,-1.0,-1.0,-1.0,-1.0,-1.0,-1.0,-1.0,-1.0,-1.0,-1.0,-1.0,-1.0,-1.0,-1.0,-1.0,-1.0,-1.0,-1.0,-1.0,-1.0,-1.0,-1.0,-1.0,-1.0,-1.0,-1.0,-1.0,-1.0,-1.0,-1.0,-1.0,-1.0,-1.0,-1.0,-1.0,-1.0,-1.0,-1.0,-1.0,-1.0,-1.0,-1.0,-1.0,-1.0,-1.0,-1.0,-1.0,-1.0,-1.0,-1.0,-1.0,-1.0,-1.0,-1.0,-1.0,-1.0,-1.0,-1.0,-1.0,-1.0,-1.0,-1.0,-1.0,-1.0,-1.0,-1.0,-1.0,-1.0,-1.0,-1.0,-1.0,-1.0,-1.0,-1.0,-1.0,-1.0,-1.0,-1.0,-1.0,-1.0,-1.0,-1.0,-1.0,-1.0,-1.0,-1.0,-1.0,-1.0,-1.0,-1.0,-1.0,-1.0,-1.0,-1.0,-1.0,-1.0,-1.0,-1.0,-1.0,-1.0,-1.0,175.0,205.0,226.0,224.0,237.0,-1.0,-1.0,-1.0,-1.0,-1.0,-1.0,-1.0,-1.0,-1.0,-1.0,-1.0,-1.0,-1.0,-1.0,-1.0,-1.0,-1.0,-1.0,-1.0,-1.0,-1.0,-1.0,-1.0,-1.0,-1.0,-1.0,-1.0,-1.0,-1.0,-1.0,-1.0,-1.0,-1.0,-1.0,-1.0,-1.0,-1.0,-1.0,-1.0,-1.0,-1.0,-1.0,-1.0,-1.0,-1.0,-1.0,-1.0,-1.0,-1.0,-1.0,-1.0,-1.0,-1.0,-1.0,-1.0,-1.0,-1.0,-1.0,-1.0,-1.0,-1.0,-1.0,-1.0,-1.0,-1.0,-1.0,-1.0,-1.0,-1.0,-1.0,-1.0,-1.0,-1.0,-1.0,-1.0,-1.0,-1.0,-1.0,-1.0,-1.0,-1.0,-1.0,-1.0,-1.0,-1.0,-1.0,-1.0,-1.0,-1.0,-1.0,-1.0,-1.0,-1.0,-1.0,-1.0,-1.0,-1.0,-1.0,-1.0,-1.0,-1.0,-1.0,-1.0,-1.0,-1.0,-1.0,-1.0,-1.0,-1.0,-1.0,-1.0,-1.0,-1.0,-1.0,-1.0,-1.0,-1.0,-1.0,-1.0,-1.0,-1.0,-1.0,-1.0
SEQ_000079_000002,Target,SEQ_000079,2,SUBJ_040310,Seated Straight,Moves hand to target location,Transition,Forehead - scratch,4.66015625,-3.2578125,7.9609375,0.37701416015625,-0.30523681640625,0.0301513671875,-0.87396240234375,23.45440673828125,24.514768600463867,23.38533401489257,23.90283966064453,23.738584518432617,-1.0,-1.0,-1.0,-1.0,-1.0,-1.0,-1.0,-1.0,-1.0,-1.0,-1.0,-1.0,-1.0,-1.0,-1.0,-1.0,-1.0,-1.0,-1.0,-1.0,-1.0,-1.0,-1.0,-1.0,-1.0,-1.0,-1.0,-1.0,-1.0,-1.0,-1.0,-1.0,-1.0,-1.0,-1.0,-1.0,-1.0,-1.0,-1.0,-1.0,-1.0,-1.0,-1.0,-1.0,-1.0,-1.0,-1.0,-1.0,-1.0,-1.0,-1.0,-1.0,-1.0,-1.0,-1.0,-1.0,-1.0,-1.0,-1.0,-1.0,-1.0,-1.0,-1.0,-1.0,-1.0,-1.0,-1.0,-1.0,-1.0,-1.0,-1.0,-1.0,-1.0,-1.0,-1.0,-1.0,-1.0,-1.0,-1.0,-1.0,-1.0,-1.0,-1.0,-1.0,-1.0,-1.0,-1.0,-1.0,-1.0,-1.0,-1.0,-1.0,-1.0,-1.0,-1.0,-1.0,-1.0,-1.0,-1.0,-1.0,-1.0,-1.0,-1.0,-1.0,-1.0,-1.0,-1.0,-1.0,-1.0,-1.0,-1.0,-1.0,-1.0,-1.0,-1.0,-1.0,-1.0,-1.0,-1.0,-1.0,-1.0,-1.0,-1.0,-1.0,-1.0,-1.0,-1.0,-1.0,-1.0,-1.0,-1.0,-1.0,-1.0,-1.0,-1.0,-1.0,-1.0,-1.0,-1.0,-1.0,-1.0,-1.0,-1.0,-1.0,-1.0,-1.0,-1.0,-1.0,-1.0,-1.0,-1.0,-1.0,-1.0,-1.0,-1.0,-1.0,-1.0,-1.0,-1.0,-1.0,-1.0,-1.0,-1.0,-1.0,-1.0,-1.0,-1.0,-1.0,-1.0,-1.0,-1.0,-1.0,-1.0,-1.0,-1.0,-1.0,-1.0,-1.0,-1.0,-1.0,-1.0,-1.0,-1.0,-1.0,-1.0,-1.0,-1.0,-1.0,-1.0,-1.0,-1.0,-1.0,172.0,200.0,225.0,228.0,226.0,-1.0,-1.0,-1.0,-1.0,-1.0,-1.0,-1.0,-1.0,-1.0,-1.0,-1.0,-1.0,-1.0,-1.0,-1.0,-1.0,-1.0,-1.0,-1.0,-1.0,-1.0,-1.0,-1.0,-1.0,-1.0,-1.0,-1.0,-1.0,-1.0,-1.0,-1.0,-1.0,-1.0,-1.0,-1.0,-1.0,-1.0,-1.0,-1.0,-1.0,-1.0,-1.0,-1.0,-1.0,-1.0,-1.0,-1.0,-1.0,-1.0,-1.0,-1.0,-1.0,-1.0,-1.0,-1.0,-1.0,-1.0,-1.0,-1.0,-1.0,-1.0,-1.0,-1.0,-1.0,-1.0,-1.0,-1.0,-1.0,-1.0,-1.0,-1.0,-1.0,-1.0,-1.0,-1.0,-1.0,-1.0,-1.0,-1.0,-1.0,-1.0,-1.0,-1.0,-1.0,-1.0,-1.0,-1.0,-1.0,-1.0,-1.0,-1.0,-1.0,-1.0,-1.0,-1.0,-1.0,-1.0,-1.0,-1.0,-1.0,-1.0,-1.0,-1.0,-1.0,-1.0,-1.0,-1.0,-1.0,-1.0,-1.0,-1.0,-1.0,-1.0,-1.0,-1.0,-1.0,-1.0,-1.0,-1.0,-1.0,-1.0,-1.0,-1.0
SEQ_000079_000003,Target,SEQ_000079,3,SUBJ_040310,Seated Straight,Moves hand to target location,Transition,Forehead - scratch,5.04296875,-3.1015625,7.92578125,0.37640380859375,-0.30963134765625,0.02789306640625,-0.87274169921875,23.41991233825684,24.46747398376465,23.35083198547364,23.889833450317383,23.65513229370117,-1.0,-1.0,-1.0,-1.0,-1.0,-1.0,-1.0,-1.0,-1.0,-1.0,-1.0,-1.0,-1.0,-1.0,-1.0,-1.0,-1.0,-1.0,-1.0,-1.0,-1.0,-1.0,-1.0,-1.0,-1.0,-1.0,-1.0,-1.0,-1.0,-1.0,-1.0,-1.0,-1.0,-1.0,-1.0,-1.0,-1.0,-1.0,-1.0,-1.0,-1.0,-1.0,-1.0,-1.0,-1.0,-1.0,-1.0,-1.0,-1.0,-1.0,-1.0,-1.0,-1.0,-1.0,-1.0,-1.0,-1.0,-1.0,-1.0,-1.0,-1.0,-1.0,-1.0,-1.0,-1.0,-1.0,-1.0,-1.0,-1.0,-1.0,-1.0,-1.0,-1.0,-1.0,-1.0,-1.0,-1.0,-1.0,-1.0,-1.0,-1.0,-1.0,-1.0,-1.0,-1.0,-1.0,-1.0,-1.0,-1.0,-1.0,-1.0,-1.0,-1.0,-1.0,-1.0,-1.0,-1.0,-1.0,-1.0,-1.0,-1.0,-1.0,-1.0,-1.0,-1.0,-1.0,-1.0,-1.0,-1.0,-1.0,-1.0,-1.0,-1.0,-1.0,-1.0,-1.0,-1.0,-1.0,-1.0,-1.0,-1.0,-1.0,-1.0,-1.0,-1.0,-1.0,-1.0,-1.0,-1.0,-1.0,-1.0,-1.0,-1.0,-1.0,-1.0,-1.0,-1.0,-1.0,-1.0,-1.0,-1.0,-1.0,-1.0,-1.0,-1.0,-1.0,-1.0,-1.0,-1.0,-1.0,-1.0,-1.0,-1.0,-1.0,-1.0,-1.0,-1.0,-1.0,-1.0,-1.0,-1.0,-1.0,-1.0,-1.0,-1.0,-1.0,-1.0,-1.0,-1.0,-1.0,-1.0,-1.0,-1.0,-1.0,-1.0,-1.0,-1.0,-1.0,-1.0,-1.0,-1.0,-1.0,-1.0,-1.0,-1.0,-1.0,-1.0,-1.0,-1.0,-1.0,-1.0,-1.0,174.0,206.0,228.0,221.0,233.0,-1.0,-1.0,-1.0,-1.0,-1.0,-1.0,-1.0,-1.0,-1.0,-1.0,-1.0,-1.0,-1.0,-1.0,-1.0,-1.0,-1.0,-1.0,-1.0,-1.0,-1.0,-1.0,-1.0,-1.0,-1.0,-1.0,-1.0,-1.0,-1.0,-1.0,-1.0,-1.0,-1.0,-1.0,-1.0,-1.0,-1.0,-1.0,-1.0,-1.0,-1.0,-1.0,-1.0,-1.0,-1.0,-1.0,-1.0,-1.0,-1.0,-1.0,-1.0,-1.0,-1.0,-1.0,-1.0,-1.0,-1.0,-1.0,-1.0,-1.0,-1.0,-1.0,-1.0,-1.0,-1.0,-1.0,-1.0,-1.0,-1.0,-1.0,-1.0,-1.0,-1.0,-1.0,-1.0,-1.0,-1.0,-1.0,-1.0,-1.0,-1.0,-1.0,-1.0,-1.0,-1.0,-1.0,-1.0,-1.0,-1.0,-1.0,-1.0,-1.0,-1.0,-1.0,-1.0,-1.0,-1.0,-1.0,-1.0,-1.0,-1.0,-1.0,-1.0,-1.0,-1.0,-1.0,-1.0,-1.0,-1.0,-1.0,-1.0,-1.0,-1.0,-1.0,-1.0,-1.0,-1.0,-1.0,-1.0,-1.0,-1.0,-1.0,-1.0
SEQ_000079_000004,Target,SEQ_000079,4,SUBJ_040310,Seated Straight,Moves hand to target location,Transition,Forehead - scratch,5.08203125,-3.1015625,7.92578125,0.37646484375,-0.31488037109375,0.02728271484375,-0.870849609375,23.473203659057617,24.538057327270508,23.408838272094727,23.889833450317383,23.67101287841797,-1.0,-1.0,-1.0,-1.0,-1.0,-1.0,-1.0,-1.0,-1.0,-1.0,-1.0,-1.0,-1.0,-1.0,-1.0,-1.0,-1.0,-1.0,-1.0,-1.0,-1.0,-1.0,-1.0,-1.0,-1.0,-1.0,-1.0,-1.0,-1.0,-1.0,-1.0,-1.0,-1.0,-1.0,-1.0,-1.0,-1.0,-1.0,-1.0,-1.0,-1.0,-1.0,-1.0,-1.0,-1.0,-1.0,-1.0,-1.0,-1.0,-1.0,-1.0,-1.0,-1.0,-1.0,-1.0,-1.0,-1.0,-1.0,-1.0,-1.0,-1.0,-1.0,-1.0,-1.0,-1.0,-1.0,-1.0,-1.0,-1.0,-1.0,-1.0,-1.0,-1.0,-1.0,-1.0,-1.0,-1.0,-1.0,-1.0,-1.0,-1.0,-1.0,-1.0,-1.0,-1.0,-1.0,-1.0,-1.0,-1.0,-1.0,-1.0,-1.0,-1.0,-1.0,-1.0,-1.0,-1.0,-1.0,-1.0,-1.0,-1.0,-1.0,-1.0,-1.0,-1.0,-1.0,-1.0,-1.0,-1.0,-1.0,-1.0,-1.0,-1.0,-1.0,-1.0,-1.0,-1.0,-1.0,-1.0,-1.0,-1.0,-1.0,-1.0,-1.0,-1.0,-1.0,-1.0,-1.0,-1.0,-1.0,-1.0,-1.0,-1.0,-1.0,-1.0,-1.0,-1.0,-1.0,-1.0,-1.0,-1.0,-1.0,-1.0,-1.0,-1.0,-1.0,-1.0,-1.0,-1.0,-1.0,-1.0,-1.0,-1.0,-1.0,-1.0,-1.0,-1.0,-1.0,-1.0,-1.0,-1.0,-1.0,-1.0,-1.0,-1.0,-1.0,-1.0,-1.0,-1.0,-1.0,-1.0,-1.0,-1.0,-1.0,-1.0,-1.0,-1.0,-1.0,-1.0,-1.0,-1.0,-1.0,-1.0,-1.0,-1.0,-1.0,-1.0,-1.0,-1.0,-1.0,-1.0,-1.0,176.0,209.0,229.0,220.0,233.0,-1.0,-1.0,-1.0,-1.0,-1.0,-1.0,-1.0,-1.0,-1.0,-1.0,-1.0,-1.0,-1.0,-1.0,-1.0,-1.0,-1.0,-1.0,-1.0,-1.0,-1.0,-1.0,-1.0,-1.0,-1.0,-1.0,-1.0,-1.0,-1.0,-1.0,-1.0,-1.0,-1.0,-1.0,-1.0,-1.0,-1.0,-1.0,-1.0,-1.0,-1.0,-1.0,-1.0,-1.0,-1.0,-1.0,-1.0,-1.0,-1.0,-1.0,-1.0,-1.0,-1.0,-1.0,-1.0,-1.0,-1.0,-1.0,-1.0,-1.0,-1.0,-1.0,-1.0,-1.0,-1.0,-1.0,-1.0,-1.0,-1.0,-1.0,-1.0,-1.0,-1.0,-1.0,-1.0,-1.0,-1.0,-1.0,-1.0,-1.0,-1.0,-1.0,-1.0,-1.0,-1.0,-1.0,-1.0,-1.0,-1.0,-1.0,-1.0,-1.0,-1.0,-1.0,-1.0,-1.0,-1.0,-1.0,-1.0,-1.0,-1.0,-1.0,-1.0,-1.0,-1.0,-1.0,-1.0,-1.0,-1.0,-1.0,-1.0,-1.0,-1.0,-1.0,-1.0,-1.0,-1.0,-1.0,-1.0,-1.0,-1.0,-1.0,-1.0
SEQ_000079_000005,Target,SEQ_000079,5,SUBJ_040310,Seated Straight,Moves hand to target location,Transition,Forehead - scratch,5.3515625,-3.140625,7.73046875,0.37384033203125,-0.32427978515625,0.0267333984375,-0.8685302734375,23.42511367797852,24.538057327270508,23.31920623779297,23.83111953735352,23.73330879211425,-1.0,-1.0,-1.0,-1.0,-1.0,-1.0,-1.0,-1.0,-1.0,-1.0,-1.0,-1.0,-1.0,-1.0,-1.0,-1.0,-1.0,-1.0,-1.0,-1.0,-1.0,-1.0,-1.0,-1.0,-1.0,-1.0,-1.0,-1.0,-1.0,-1.0,-1.0,-1.0,-1.0,-1.0,-1.0,-1.0,-1.0,-1.0,-1.0,-1.0,-1.0,-1.0,-1.0,-1.0,-1.0,-1.0,-1.0,-1.0,-1.0,-1.0,-1.0,-1.0,-1.0,-1.0,-1.0,-1.0,-1.0,-1.0,-1.0,-1.0,-1.0,-1.0,-1.0,-1.0,-1.0,-1.0,-1.0,-1.0,-1.0,-1.0,-1.0,-1.0,-1.0,-1.0,-1.0,-1.0,-1.0,-1.0,-1.0,-1.0,-1.0,-1.0,-1.0,-1.0,-1.0,-1.0,-1.0,-1.0,-1.0,-1.0,-1.0,-1.0,-1.0,-1.0,-1.0,-1.0,-1.0,-1.0,-1.0,-1.0,-1.0,-1.0,-1.0,-1.0,-1.0,-1.0,-1.0,-1.0,-1.0,-1.0,-1.0,-1.0,-1.0,-1.0,-1.0,-1.0,-1.0,-1.0,-1.0,-1.0,-1.0,-1.0,-1.0,-1.0,-1.0,-1.0,-1.0,-1.0,-1.0,-1.0,-1.0,-1.0,-1.0,-1.0,-1.0,-1.0,-1.0,-1.0,-1.0,-1.0,-1.0,-1.0,-1.0,-1.0,-1.0,-1.0,-1.0,-1.0,-1.0,-1.0,-1.0,-1.0,-1.0,-1.0,-1.0,-1.0,-1.0,-1.0,-1.0,-1.0,-1.0,-1.0,-1.0,-1.0,-1.0,-1.0,-1.0,-1.0,-1.0,-1.0,-1.0,-1.0,-1.0,-1.0,-1.0,-1.0,-1.0,-1.0,-1.0,-1.0,-1.0,-1.0,-1.0,-1.0,-1.0,-1.0,-1.0,-1.0,-1.0,-1.0,-1.0,-1.0,184.0,212.0,237.0,234.0,236.0,-1.0,-1.0,-1.0,-1.0,-1.0,-1.0,-1.0,-1.0,-1.0,-1.0,-1.0,-1.0,-1.0,-1.0,-1.0,-1.0,-1.0,-1.0,-1.0,-1.0,-1.0,-1.0,-1.0,-1.0,-1.0,-1.0,-1.0,-1.0,-1.0,-1.0,-1.0,-1.0,-1.0,-1.0,-1.0,-1.0,-1.0,-1.0,-1.0,-1.0,-1.0,-1.0,-1.0,-1.0,-1.0,-1.0,-1.0,-1.0,-1.0,-1.0,-1.0,-1.0,-1.0,-1.0,-1.0,-1.0,-1.0,-1.0,-1.0,-1.0,-1.0,-1.0,-1.0,-1.0,-1.0,-1.0,-1.0,-1.0,-1.0,-1.0,-1.0,-1.0,-1.0,-1.0,-1.0,-1.0,-1.0,-1.0,-1.0,-1.0,-1.0,-1.0,-1.0,-1.0,-1.0,-1.0,-1.0,-1.0,-1.0,-1.0,-1.0,-1.0,-1.0,-1.0,-1.0,-1.0,-1.0,-1.0,-1.0,-1.0,-1.0,-1.0,-1.0,-1.0,-1.0,-1.0,-1.0,-1.0,-1.0,-1.0,-1.0,-1.0,-1.0,-1.0,-1.0,-1.0,-1.0,-1.0,-1.0,-1.0,-1.0,-1.0,-1.0
SEQ_000079_000006,Target,SEQ_000079,6,SUBJ_040310,Seated Straight,Moves hand to target location,Transition,Forehead - scratch,5.19921875,-3.02734375,7.84765625,0.374755859375,-0.3289794921875,0.02642822265625,-0.86639404296875,23.438308715820312,24.629928588867188,23.416404724121094,23.74944496154785,23.80311393737793,-1.0,-1.0,-1.0,-1.0,-1.0,-1.0,-1.0,-1.0,-1.0,-1.0,-1.0,-1.0,-1.0,-1.0,-1.0,-1.0,-1.0,-1.0,-1.0,-1.0,-1.0,-1.0,-1.0,-1.0,-1.0,-1.0,-1.0,-1.0,-1.0,-1.0,-1.0,-1.0,-1.0,-1.0,-1.0,-1.0,-1.0,-1.0,-1.0,-1.0,-1.0,-1.0,-1.0,-1.0,-1.0,-1.0,-1.0,-1.0,-1.0,-1.0,-1.0,-1.0,-1.0,-1.0,-1.0,-1.0,-1.0,-1.0,-1.0,-1.0,-1.0,-1.0,-1.0,-1.0,-1.0,-1.0,-1.0,-1.0,-1.0,-1.0,-1.0,-1.0,-1.0,-1.0,-1.0,-1.0,-1.0,-1.0,-1.0,-1.0,-1.0,-1.0,-1.0,-1.0,-1.0,-1.0,-1.0,-1.0,-1.0,-1.0,-1.0,-1.0,-1.0,-1.0,-1.0,-1.0,-1.0,-1.0,-1.0,-1.0,-1.0,-1.0,-1.0,-1.0,-1.0,-1.0,-1.0,-1.0,-1.0,-1.0,-1.0,-1.0,-1.0,-1.0,-1.0,-1.0,-1.0,-1.0,-1.0,-1.0,-1.0,-1.0,-1.0,-1.0,-1.0,-1.0,-1.0,-1.0,-1.0,-1.0,-1.0,-1.0,-1.0,-1.0,-1.0,-1.0,-1.0,-1.0,-1.0,-1.0,-1.0,-1.0,-1.0,-1.0,-1.0,-1.0,-1.0,-1.0,-1.0,-1.0,-1.0,-1.0,-1.0,-1.0,-1.0,-1.0,-1.0,-1.0,-1.0,-1.0,-1.0,-1.0,-1.0,-1.0,-1.0,-1.0,-1.0,-1.0,-1.0,-1.0,-1.0,-1.0,-1.0,-1.0,-1.0,-1.0,-1.0,-1.0,-1.0,-1.0,-1.0,-1.0,-1.0,-1.0,-1.0,-1.0,-1.0,-1.0,-1.0,-1.0,-1.0,-1.0,185.0,214.0,231.0,227.0,240.0,-1.0,-1.0,-1.0,-1.0,-1.0,-1.0,-1.0,-1.0,-1.0,-1.0,-1.0,-1.0,-1.0,-1.0,-1.0,-1.0,-1.0,-1.0,-1.0,-1.0,-1.0,-1.0,-1.0,-1.0,-1.0,-1.0,-1.0,-1.0,-1.0,-1.0,-1.0,-1.0,-1.0,-1.0,-1.0,-1.0,-1.0,-1.0,-1.0,-1.0,-1.0,-1.0,-1.0,-1.0,-1.0,-1.0,-1.0,-1.0,-1.0,-1.0,-1.0,-1.0,-1.0,-1.0,-1.0,-1.0,-1.0,-1.0,-1.0,-1.0,-1.0,-1.0,-1.0,-1.0,-1.0,-1.0,-1.0,-1.0,-1.0,-1.0,-1.0,-1.0,-1.0,-1.0,-1.0,-1.0,-1.0,-1.0,-1.0,-1.0,-1.0,-1.0,-1.0,-1.0,-1.0,-1.0,-1.0,-1.0,-1.0,-1.0,-1.0,-1.0,-1.0,-1.0,-1.0,-1.0,-1.0,-1.0,-1.0,-1.0,-1.0,-1.0,-1.0,-1.0,-1.0,-1.0,-1.0,-1.0,-1.0,-1.0,-1.0,-1.0,-1.0,-1.0,-1.0,-1.0,-1.0,-1.0,-1.0,-1.0,-1.0,-1.0,-1.0
SEQ_000079_000007,Target,SEQ_000079,7,SUBJ_040310,Seated Straight,Moves hand to target location,Transition,Forehead - scratch,5.50390625,-3.140625,7.62109375,0.37713623046875,-0.33087158203125,0.0267333984375,-0.8646240234375,23.46770477294922,24.629928588867188,23.34781837463379,23.703325271606445,23.8238582611084,-1.0,-1.0,-1.0,-1.0,-1.0,-1.0,-1.0,-1.0,-1.0,-1.0,-1.0,-1.0,-1.0,-1.0,-1.0,-1.0,-1.0,-1.0,-1.0,-1.0,-1.0,-1.0,-1.0,-1.0,-1.0,-1.0,-1.0,-1.0,-1.0,-1.0,-1.0,-1.0,-1.0,-1.0,-1.0,-1.0,-1.0,-1.0,-1.0,-1.0,-1.0,-1.0,-1.0,-1.0,-1.0,-1.0,-1.0,-1.0,-1.0,-1.0,-1.0,-1.0,-1.0,-1.0,-1.0,-1.0,-1.0,-1.0,-1.0,-1.0,-1.0,-1.0,-1.0,-1.0,-1.0,-1.0,-1.0,-1.0,-1.0,-1.0,-1.0,-1.0,-1.0,-1.0,-1.0,-1.0,-1.0,-1.0,-1.0,-1.0,-1.0,-1.0,-1.0,-1.0,-1.0,-1.0,-1.0,-1.0,-1.0,-1.0,-1.0,-1.0,-1.0,-1.0,-1.0,-1.0,-1.0,-1.0,-1.0,-1.0,-1.0,-1.0,-1.0,-1.0,-1.0,-1.0,-1.0,-1.0,-1.0,-1.0,-1.0,-1.0,-1.0,-1.0,-1.0,-1.0,-1.0,-1.0,-1.0,-1.0,-1.0,-1.0,-1.0,-1.0,-1.0,-1.0,-1.0,-1.0,-1.0,-1.0,-1.0,-1.0,-1.0,-1.0,-1.0,-1.0,-1.0,-1.0,-1.0,-1.0,-1.0,-1.0,-1.0,-1.0,-1.0,-1.0,-1.0,-1.0,-1.0,-1.0,-1.0,-1.0,-1.0,-1.0,-1.0,-1.0,-1.0,-1.0,-1.0,-1.0,-1.0,-1.0,-1.0,-1.0,-1.0,-1.0,-1.0,-1.0,-1.0,-1.0,-1.0,-1.0,-1.0,-1.0,-1.0,-1.0,-1.0,-1.0,-1.0,-1.0,-1.0,-1.0,-1.0,-1.0,-1.0,-1.0,-1.0,-1.0,-1.0,-1.0,-1.0,-1.0,187.0,212.0,235.0,231.0,234.0,-1.0,-1.0,-1.0,-1.0,-1.0,-1.0,-1.0,-1.0,-1.0,-1.0,-1.0,-1.0,-1.0,-1.0,-1.0,-1.0,-1.0,-1.0,-1.0,-1.0,-1.0,-1.0,-1.0,-1.0,-1.0,-1.0,-1.0,-1.0,-1.0,-1.0,-1.0,-1.0,-1.0,-1.0,-1.0,-1.0,-1.0,-1.0,-1.0,-1.0,-1.0,-1.0,-1.0,-1.0,-1.0,-1.0,-1.0,-1.0,-1.0,-1.0,-1.0,-1.0,-1.0,-1.0,-1.0,-1.0,-1.0,-1.0,-1.0,-1.0,-1.0,-1.0,-1.0,-1.0,-1.0,-1.0,-1.0,-1.0,-1.0,-1.0,-1.0,-1.0,-1.0,-1.0,-1.0,-1.0,-1.0,-1.0,-1.0,-1.0,-1.0,-1.0,-1.0,-1.0,-1.0,-1.0,-1.0,-1.0,-1.0,-1.0,-1.0,-1.0,-1.0,-1.0,-1.0,-1.0,-1.0,-1.0,-1.0,-1.0,-1.0,-1.0,-1.0,-1.0,-1.0,-1.0,-1.0,-1.0,-1.0,-1.0,-1.0,-1.0,-1.0,-1.0,-1.0,-1.0,-1.0,-1.0,-1.0,-1.0,-1.0,-1.0,-1.0
SEQ_000079_000008,Target,SEQ_000079,8,SUBJ_040310,Seated Straight,Moves hand to target location,Transition,Forehead - scratch,5.390625,-3.1796875,7.65625,0.3792724609375,-0.3297119140625,0.02685546875,-0.8641357421875,23.488994598388672,24.580066680908203,23.4478759765625,23.79243469238281,23.715208053588867,-1.0,-1.0,-1.0,-1.0,-1.0,-1.0,-1.0,-1.0,-1.0,-1.0,-1.0,-1.0,-1.0,-1.0,-1.0,-1.0,-1.0,-1.0,-1.0,-1.0,-1.0,-1.0,-1.0,-1.0,-1.0,-1.0,-1.0,-1.0,-1.0,-1.0,-1.0,-1.0,-1.0,-1.0,-1.0,-1.0,-1.0,-1.0,-1.0,-1.0,-1.0,-1.0,-1.0,-1.0,-1.0,-1.0,-1.0,-1.0,-1.0,-1.0,-1.0,-1.0,-1.0,-1.0,-1.0,-1.0,-1.0,-1.0,-1.0,-1.0,-1.0,-1.0,-1.0,-1.0,-1.0,-1.0,-1.0,-1.0,-1.0,-1.0,-1.0,-1.0,-1.0,-1.0,-1.0,-1.0,-1.0,-1.0,-1.0,-1.0,-1.0,-1.0,-1.0,-1.0,-1.0,-1.0,-1.0,-1.0,-1.0,-1.0,-1.0,-1.0,-1.0,-1.0,-1.0,-1.0,-1.0,-1.0,-1.0,-1.0,-1.0,-1.0,-1.0,-1.0,-1.0,-1.0,-1.0,-1.0,-1.0,-1.0,-1.0,-1.0,-1.0,-1.0,-1.0,-1.0,-1.0,-1.0,-1.0,-1.0,-1.0,-1.0,-1.0,-1.0,-1.0,-1.0,-1.0,-1.0,-1.0,-1.0,-1.0,-1.0,-1.0,-1.0,-1.0,-1.0,-1.0,-1.0,-1.0,-1.0,-1.0,-1.0,-1.0,-1.0,-1.0,-1.0,-1.0,-1.0,-1.0,-1.0,-1.0,-1.0,-1.0,-1.0,-1.0,-1.0,-1.0,-1.0,-1.0,-1.0,-1.0,-1.0,-1.0,-1.0,-1.0,-1.0,-1.0,-1.0,-1.0,-1.0,-1.0,-1.0,-1.0,-1.0,-1.0,-1.0,-1.0,-1.0,-1.0,-1.0,-1.0,-1.0,-1.0,-1.0,-1.0,-1.0,-1.0,-1.0,-1.0,-1.0,-1.0,-1.0,189.0,219.0,242.0,231.0,239.0,-1.0,-1.0,-1.0,-1.0,-1.0,-1.0,-1.0,-1.0,-1.0,-1.0,-1.0,-1.0,-1.0,-1.0,-1.0,-1.0,-1.0,-1.0,-1.0,-1.0,-1.0,-1.0,-1.0,-1.0,-1.0,-1.0,-1.0,-1.0,-1.0,-1.0,-1.0,-1.0,-1.0,-1.0,-1.0,-1.0,-1.0,-1.0,-1.0,-1.0,-1.0,-1.0,-1.0,-1.0,-1.0,-1.0,-1.0,-1.0,-1.0,-1.0,-1.0,-1.0,-1.0,-1.0,-1.0,-1.0,-1.0,-1.0,-1.0,-1.0,-1.0,-1.0,-1.0,-1.0,-1.0,-1.0,-1.0,-1.0,-1.0,-1.0,-1.0,-1.0,-1.0,-1.0,-1.0,-1.0,-1.0,-1.0,-1.0,-1.0,-1.0,-1.0,-1.0,-1.0,-1.0,-1.0,-1.0,-1.0,-1.0,-1.0,-1.0,-1.0,-1.0,-1.0,-1.0,-1.0,-1.0,-1.0,-1.0,-1.0,-1.0,-1.0,-1.0,-1.0,-1.0,-1.0,-1.0,-1.0,-1.0,-1.0,-1.0,-1.0,-1.0,-1.0,-1.0,-1.0,-1.0,-1.0,-1.0,-1.0,-1.0,-1.0,-1.0
SEQ_000079_000009,Target,SEQ_000079,9,SUBJ_040310,Seated Straight,Moves hand to target location,Transition,Forehead - scratch,5.390625,-3.140625,7.7265625,0.38134765625,-0.328125,0.0272216796875,-0.86383056640625,23.41700935363769,24.614526748657227,23.35579299926757,23.7467041015625,23.777477264404297,-1.0,-1.0,-1.0,-1.0,-1.0,-1.0,-1.0,-1.0,-1.0,-1.0,-1.0,-1.0,-1.0,-1.0,-1.0,-1.0,-1.0,-1.0,-1.0,-1.0,-1.0,-1.0,-1.0,-1.0,-1.0,-1.0,-1.0,-1.0,-1.0,-1.0,-1.0,-1.0,-1.0,-1.0,-1.0,-1.0,-1.0,-1.0,-1.0,-1.0,-1.0,-1.0,-1.0,-1.0,-1.0,-1.0,-1.0,-1.0,-1.0,-1.0,-1.0,-1.0,-1.0,-1.0,-1.0,-1.0,-1.0,-1.0,-1.0,-1.0,-1.0,-1.0,-1.0,-1.0,-1.0,-1.0,-1.0,-1.0,-1.0,-1.0,-1.0,-1.0,-1.0,-1.0,-1.0,-1.0,-1.0,-1.0,-1.0,-1.0,-1.0,-1.0,-1.0,-1.0,-1.0,-1.0,-1.0,-1.0,-1.0,-1.0,-1.0,-1.0,-1.0,-1.0,-1.0,-1.0,-1.0,-1.0,-1.0,-1.0,-1.0,-1.0,-1.0,-1.0,-1.0,-1.0,-1.0,-1.0,-1.0,-1.0,-1.0,-1.0,-1.0,-1.0,-1.0,-1.0,-1.0,-1.0,-1.0,-1.0,-1.0,-1.0,-1.0,-1.0,-1.0,-1.0,-1.0,-1.0,-1.0,-1.0,-1.0,-1.0,-1.0,-1.0,-1.0,-1.0,-1.0,-1.0,-1.0,-1.0,-1.0,-1.0,-1.0,-1.0,-1.0,-1.0,-1.0,-1.0,-1.0,-1.0,-1.0,-1.0,-1.0,-1.0,-1.0,-1.0,-1.0,-1.0,-1.0,-1.0,-1.0,-1.0,-1.0,-1.0,-1.0,-1.0,-1.0,-1.0,-1.0,-1.0,-1.0,-1.0,-1.0,-1.0,-1.0,-1.0,-1.0,-1.0,-1.0,-1.0,-1.0,-1.0,-1.0,-1.0,-1.0,-1.0,-1.0,-1.0,-1.0,-1.0,-1.0,-1.0,191.0,216.0,228.0,234.0,238.0,-1.0,-1.0,-1.0,-1.0,-1.0,-1.0,-1.0,-1.0,-1.0,-1.0,-1.0,-1.0,-1.0,-1.0,-1.0,-1.0,-1.0,-1.0,-1.0,-1.0,-1.0,-1.0,-1.0,-1.0,-1.0,-1.0,-1.0,-1.0,-1.0,-1.0,-1.0,-1.0,-1.0,-1.0,-1.0,-1.0,-1.0,-1.0,-1.0,-1.0,-1.0,-1.0,-1.0,-1.0,-1.0,-1.0,-1.0,-1.0,-1.0,-1.0,-1.0,-1.0,-1.0,-1.0,-1.0,-1.0,-1.0,-1.0,-1.0,-1.0,-1.0,-1.0,-1.0,-1.0,-1.0,-1.0,-1.0,-1.0,-1.0,-1.0,-1.0,-1.0,-1.0,-1.0,-1.0,-1.0,-1.0,-1.0,-1.0,-1.0,-1.0,-1.0,-1.0,-1.0,-1.0,-1.0,-1.0,-1.0,-1.0,-1.0,-1.0,-1.0,-1.0,-1.0,-1.0,-1.0,-1.0,-1.0,-1.0,-1.0,-1.0,-1.0,-1.0,-1.0,-1.0,-1.0,-1.0,-1.0,-1.0,-1.0,-1.0,-1.0,-1.0,-1.0,-1.0,-1.0,-1.0,-1.0,-1.0,-1.0,-1.0,-1.0,-1.0
SEQ_000079_000010,Target,SEQ_000079,10,SUBJ_040310,Seated Straight,Moves hand to target location,Transition,Forehead - scratch,5.3515625,-3.1015625,7.7265625,0.38287353515625,-0.32513427734375,0.0263671875,-0.86431884765625,23.387596130371094,24.559064865112305,23.34273147583008,23.79495048522949,23.785024642944336,-1.0,-1.0,-1.0,-1.0,-1.0,-1.0,-1.0,-1.0,-1.0,-1.0,-1.0,-1.0,-1.0,-1.0,-1.0,-1.0,-1.0,-1.0,-1.0,-1.0,-1.0,-1.0,-1.0,-1.0,-1.0,-1.0,-1.0,-1.0,-1.0,-1.0,-1.0,-1.0,-1.0,-1.0,-1.0,-1.0,-1.0,-1.0,-1.0,-1.0,-1.0,-1.0,-1.0,-1.0,-1.0,-1.0,-1.0,-1.0,-1.0,-1.0,-1.0,-1.0,-1.0,-1.0,-1.0,-1.0,-1.0,-1.0,-1.0,-1.0,-1.0,-1.0,-1.0,-1.0,-1.0,-1.0,-1.0,-1.0,-1.0,-1.0,-1.0,-1.0,-1.0,-1.0,-1.0,-1.0,-1.0,-1.0,-1.0,-1.0,-1.0,-1.0,-1.0,-1.0,-1.0,-1.0,-1.0,-1.0,-1.0,-1.0,-1.0,-1.0,-1.0,-1.0,-1.0,-1.0,-1.0,-1.0,-1.0,-1.0,-1.0,-1.0,-1.0,-1.0,-1.0,-1.0,-1.0,-1.0,-1.0,-1.0,-1.0,-1.0,-1.0,-1.0,-1.0,-1.0,-1.0,-1.0,-1.0,-1.0,-1.0,-1.0,-1.0,-1.0,-1.0,-1.0,-1.0,-1.0,-1.0,-1.0,-1.0,-1.0,-1.0,-1.0,-1.0,-1.0,-1.0,-1.0,-1.0,-1.0,-1.0,-1.0,-1.0,-1.0,-1.0,-1.0,-1.0,-1.0,-1.0,-1.0,-1.0,-1.0,-1.0,-1.0,-1.0,-1.0,-1.0,-1.0,-1.0,-1.0,-1.0,-1.0,-1.0,-1.0,-1.0,-1.0,-1.0,-1.0,-1.0,-1.0,-1.0,-1.0,-1.0,-1.0,-1.0,-1.0,-1.0,-1.0,-1.0,-1.0,-1.0,-1.0,-1.0,-1.0,-1.0,-1.0,-1.0,-1.0,-1.0,-1.0,-1.0,-1.0,187.0,215.0,239.0,228.0,240.0,-1.0,-1.0,-1.0,-1.0,-1.0,-1.0,-1.0,-1.0,-1.0,-1.0,-1.0,-1.0,-1.0,-1.0,-1.0,-1.0,-1.0,-1.0,-1.0,-1.0,-1.0,-1.0,-1.0,-1.0,-1.0,-1.0,-1.0,-1.0,-1.0,-1.0,-1.0,-1.0,-1.0,-1.0,-1.0,-1.0,-1.0,-1.0,-1.0,-1.0,-1.0,-1.0,-1.0,-1.0,-1.0,-1.0,-1.0,-1.0,-1.0,-1.0,-1.0,-1.0,-1.0,-1.0,-1.0,-1.0,-1.0,-1.0,-1.0,-1.0,-1.0,-1.0,-1.0,-1.0,-1.0,-1.0,-1.0,-1.0,-1.0,-1.0,-1.0,-1.0,-1.0,-1.0,-1.0,-1.0,-1.0,-1.0,-1.0,-1.0,-1.0,-1.0,-1.0,-1.0,-1.0,-1.0,-1.0,-1.0,-1.0,-1.0,-1.0,-1.0,-1.0,-1.0,-1.0,-1.0,-1.0,-1.0,-1.0,-1.0,-1.0,-1.0,-1.0,-1.0,-1.0,-1.0,-1.0,-1.0,-1.0,-1.0,-1.0,-1.0,-1.0,-1.0,-1.0,-1.0,-1.0,-1.0,-1.0,-1.0,-1.0,-1.0,-1.0
SEQ_000079_000011,Target,SEQ_000079,11,SUBJ_040310,Seated Straight,Moves hand to target location,Transition,Forehead - scratch,5.3125,-3.1796875,7.84765625,0.38909912109375,-0.3388671875,0.0050048828125,-0.8565673828125,23.310449600219727,24.5039119720459,23.363365173339844,24.027070999145508,23.527793884277344,-1.0,-1.0,-1.0,-1.0,-1.0,-1.0,-1.0,-1.0,-1.0,-1.0,-1.0,-1.0,-1.0,-1.0,-1.0,-1.0,-1.0,-1.0,-1.0,-1.0,-1.0,-1.0,-1.0,-1.0,-1.0,-1.0,-1.0,-1.0,-1.0,-1.0,-1.0,-1.0,-1.0,-1.0,-1.0,-1.0,-1.0,-1.0,-1.0,-1.0,-1.0,-1.0,-1.0,-1.0,-1.0,-1.0,-1.0,-1.0,-1.0,-1.0,-1.0,-1.0,-1.0,-1.0,-1.0,-1.0,-1.0,-1.0,-1.0,-1.0,-1.0,-1.0,-1.0,-1.0,-1.0,-1.0,-1.0,-1.0,-1.0,-1.0,-1.0,-1.0,-1.0,-1.0,-1.0,-1.0,-1.0,-1.0,-1.0,-1.0,-1.0,-1.0,-1.0,-1.0,-1.0,-1.0,-1.0,-1.0,-1.0,-1.0,-1.0,-1.0,-1.0,-1.0,-1.0,-1.0,-1.0,-1.0,-1.0,-1.0,-1.0,-1.0,-1.0,-1.0,-1.0,-1.0,-1.0,-1.0,-1.0,-1.0,-1.0,-1.0,-1.0,-1.0,-1.0,-1.0,-1.0,-1.0,-1.0,-1.0,-1.0,-1.0,-1.0,-1.0,-1.0,-1.0,-1.0,-1.0,-1.0,-1.0,-1.0,-1.0,-1.0,-1.0,-1.0,-1.0,-1.0,-1.0,-1.0,-1.0,-1.0,-1.0,-1.0,-1.0,-1.0,-1.0,-1.0,-1.0,-1.0,-1.0,-1.0,-1.0,-1.0,-1.0,-1.0,-1.0,-1.0,-1.0,-1.0,-1.0,-1.0,-1.0,-1.0,-1.0,-1.0,-1.0,-1.0,-1.0,-1.0,-1.0,-1.0,-1.0,-1.0,-1.0,-1.0,-1.0,-1.0,-1.0,-1.0,-1.0,-1.0,-1.0,-1.0,-1.0,-1.0,-1.0,-1.0,-1.0,-1.0,-1.0,-1.0,-1.0,177.0,200.0,223.0,232.0,229.0,-1.0,-1.0,-1.0,-1.0,-1.0,-1.0,-1.0,-1.0,-1.0,-1.0,-1.0,-1.0,-1.0,-1.0,-1.0,-1.0,-1.0,-1.0,-1.0,-1.0,-1.0,-1.0,-1.0,-1.0,-1.0,-1.0,-1.0,-1.0,-1.0,-1.0,-1.0,-1.0,-1.0,-1.0,-1.0,-1.0,-1.0,-1.0,-1.0,-1.0,-1.0,-1.0,-1.0,-1.0,-1.0,-1.0,-1.0,-1.0,-1.0,-1.0,-1.0,-1.0,-1.0,-1.0,-1.0,-1.0,-1.0,-1.0,-1.0,-1.0,-1.0,-1.0,-1.0,-1.0,-1.0,-1.0,-1.0,-1.0,-1.0,-1.0,-1.0,-1.0,-1.0,-1.0,-1.0,-1.0,-1.0,-1.0,-1.0,-1.0,-1.0,-1.0,-1.0,-1.0,-1.0,-1.0,-1.0,-1.0,-1.0,-1.0,-1.0,-1.0,-1.0,-1.0,-1.0,-1.0,-1.0,-1.0,-1.0,-1.0,-1.0,-1.0,-1.0,-1.0,-1.0,-1.0,-1.0,-1.0,-1.0,-1.0,-1.0,-1.0,-1.0,-1.0,-1.0,-1.0,-1.0,-1.0,-1.0,-1.0,-1.0,-1.0,-1.0
SEQ_000079_000012,Target,SEQ_000079,12,SUBJ_040310,Seated Straight,Moves hand to target location,Transition,Forehead - scratch,9.52734375,-1.9921875,14.74609375,0.30487060546875,-0.17431640625,-0.36334228515625,-0.8629150390625,25.48307991027832,23.685028076171875,26.02959442138672,27.21341896057129,23.616628646850582,193.0,194.0,190.0,198.0,199.0,204.0,192.0,200.0,-1.0,241.0,-1.0,-1.0,-1.0,-1.0,-1.0,-1.0,-1.0,-1.0,-1.0,-1.0,-1.0,-1.0,-1.0,-1.0,-1.0,-1.0,-1.0,-1.0,-1.0,-1.0,-1.0,-1.0,-1.0,-1.0,-1.0,-1.0,-1.0,-1.0,-1.0,-1.0,-1.0,-1.0,-1.0,-1.0,-1.0,-1.0,-1.0,-1.0,-1.0,-1.0,-1.0,-1.0,-1.0,-1.0,-1.0,-1.0,-1.0,-1.0,-1.0,-1.0,-1.0,-1.0,-1.0,-1.0,-1.0,-1.0,-1.0,-1.0,-1.0,249.0,229.0,237.0,-1.0,-1.0,-1.0,-1.0,-1.0,-1.0,-1.0,240.0,-1.0,-1.0,-1.0,-1.0,-1.0,-1.0,244.0,248.0,-1.0,-1.0,-1.0,-1.0,-1.0,-1.0,-1.0,-1.0,-1.0,-1.0,-1.0,-1.0,-1.0,-1.0,-1.0,-1.0,-1.0,-1.0,-1.0,-1.0,-1.0,-1.0,-1.0,-1.0,-1.0,-1.0,-1.0,-1.0,-1.0,-1.0,-1.0,-1.0,-1.0,-1.0,-1.0,-1.0,-1.0,-1.0,-1.0,-1.0,-1.0,-1.0,-1.0,-1.0,-1.0,-1.0,-1.0,-1.0,-1.0,-1.0,-1.0,-1.0,-1.0,-1.0,-1.0,-1.0,228.0,-1.0,-1.0,-1.0,-1.0,-1.0,-1.0,-1.0,-1.0,-1.0,-1.0,-1.0,-1.0,-1.0,-1.0,-1.0,222.0,-1.0,-1.0,-1.0,-1.0,-1.0,-1.0,-1.0,-1.0,-1.0,-1.0,-1.0,-1.0,-1.0,-1.0,-1.0,193.0,-1.0,-1.0,-1.0,-1.0,-1.0,-1.0,-1.0,237.0,230.0,-1.0,-1.0,-1.0,-1.0,-1.0,-1.0,133.0,141.0,138.0,135.0,134.0,141.0,155.0,162.0,155.0,152.0,154.0,131.0,152.0,134.0,179.0,174.0,185.0,185.0,165.0,170.0,161.0,171.0,209.0,221.0,222.0,188.0,222.0,183.0,-1.0,205.0,-1.0,211.0,-1.0,245.0,-1.0,-1.0,-1.0,-1.0,-1.0,-1.0,-1.0,-1.0,-1.0,227.0,-1.0,-1.0,-1.0,-1.0,-1.0,-1.0,-1.0,-1.0,-1.0,-1.0,-1.0,-1.0,-1.0,-1.0,-1.0,-1.0,-1.0,-1.0,-1.0,-1.0,-1.0,-1.0,-1.0,-1.0,-1.0,-1.0,-1.0,-1.0,-1.0,-1.0,-1.0,-1.0,-1.0,-1.0,-1.0,-1.0,-1.0,-1.0,-1.0,-1.0,-1.0,-1.0,-1.0,-1.0,-1.0,-1.0,-1.0,-1.0,-1.0,-1.0,-1.0,-1.0,-1.0,-1.0,-1.0,-1.0,-1.0,-1.0,-1.0,-1.0,-1.0,-1.0,-1.0,-1.0,-1.0,-1.0,-1.0,-1.0,-1.0,-1.0,-1.0,-1.0,-1.0,-1.0,-1.0,-1.0,-1.0,-1.0,-1.0,-1.0,-1.0,-1.0,-1.0,-1.0
SEQ_000079_000013,Target,SEQ_000079,13,SUBJ_040310,Seated Straight,Moves hand to target location,Transition,Forehead - scratch,3.015625,5.48046875,3.51953125,0.16497802734375,0.0269775390625,-0.709716796875,-0.68438720703125,28.68364715576172,28.04014587402344,28.282150268554688,29.17655563354492,24.421504974365234,-1.0,194.0,186.0,177.0,176.0,161.0,159.0,150.0,-1.0,229.0,205.0,194.0,184.0,176.0,171.0,167.0,-1.0,-1.0,236.0,217.0,206.0,202.0,191.0,191.0,-1.0,-1.0,-1.0,233.0,213.0,196.0,202.0,208.0,-1.0,-1.0,-1.0,-1.0,203.0,200.0,194.0,213.0,-1.0,-1.0,-1.0,-1.0,219.0,169.0,201.0,193.0,-1.0,-1.0,-1.0,-1.0,146.0,161.0,149.0,162.0,-1.0,-1.0,-1.0,161.0,163.0,130.0,150.0,133.0,-1.0,-1.0,-1.0,209.0,171.0,161.0,161.0,190.0,-1.0,-1.0,-1.0,-1.0,170.0,138.0,155.0,175.0,-1.0,-1.0,207.0,195.0,147.0,145.0,143.0,154.0,-1.0,-1.0,-1.0,174.0,166.0,141.0,149.0,136.0,-1.0,-1.0,233.0,194.0,156.0,147.0,149.0,150.0,-1.0,-1.0,232.0,210.0,172.0,139.0,160.0,153.0,-1.0,-1.0,238.0,228.0,-1.0,167.0,157.0,165.0,-1.0,-1.0,-1.0,-1.0,-1.0,157.0,161.0,157.0,-1.0,184.0,-1.0,-1.0,-1.0,-1.0,-1.0,214.0,145.0,173.0,197.0,-1.0,-1.0,-1.0,-1.0,203.0,147.0,175.0,199.0,-1.0,-1.0,-1.0,218.0,191.0,159.0,184.0,225.0,-1.0,238.0,-1.0,-1.0,196.0,168.0,188.0,220.0,234.0,231.0,225.0,195.0,174.0,163.0,181.0,208.0,209.0,218.0,207.0,183.0,159.0,159.0,177.0,196.0,202.0,210.0,196.0,163.0,160.0,156.0,174.0,190.0,201.0,209.0,201.0,182.0,167.0,196.0,164.0,145.0,135.0,134.0,135.0,134.0,115.0,186.0,171.0,153.0,154.0,141.0,145.0,144.0,127.0,187.0,182.0,171.0,162.0,159.0,155.0,150.0,150.0,199.0,197.0,183.0,179.0,174.0,175.0,155.0,153.0,-1.0,202.0,199.0,190.0,180.0,181.0,172.0,163.0,-1.0,231.0,209.0,194.0,192.0,186.0,187.0,180.0,-1.0,-1.0,-1.0,215.0,206.0,202.0,202.0,209.0,-1.0,-1.0,-1.0,-1.0,208.0,194.0,198.0,-1.0,144.0,167.0,187.0,229.0,231.0,247.0,242.0,-1.0,156.0,183.0,221.0,-1.0,-1.0,-1.0,-1.0,-1.0,179.0,208.0,-1.0,-1.0,-1.0,-1.0,-1.0,-1.0,184.0,233.0,-1.0,-1.0,-1.0,-1.0,-1.0,-1.0,192.0,-1.0,-1.0,-1.0,-1.0,-1.0,-1.0,-1.0,-1.0,-1.0,-1.0,-1.0,-1.0,-1.0,-1.0,-1.0,-1.0,-1.0,-1.0,-1.0,-1.0,-1.0,-1.0,-1.0,-1.0,-1.0,-1.0,-1.0,-1.0,-1.0,-1.0,-1.0
SEQ_000079_000014,Target,SEQ_000079,14,SUBJ_040310,Seated Straight,Moves hand to target location,Transition,Forehead - scratch,1.17578125,5.82421875,-1.34765625,0.1297607421875,0.12005615234375,-0.796142578125,-0.57867431640625,29.831567764282227,30.078367233276367,28.6690616607666,29.524015426635746,24.874473571777344,-1.0,201.0,183.0,174.0,173.0,158.0,148.0,145.0,-1.0,224.0,203.0,186.0,173.0,171.0,161.0,154.0,-1.0,-1.0,209.0,196.0,187.0,180.0,176.0,176.0,-1.0,-1.0,-1.0,191.0,180.0,169.0,177.0,191.0,-1.0,-1.0,-1.0,181.0,164.0,149.0,164.0,166.0,-1.0,-1.0,-1.0,124.0,114.0,115.0,119.0,131.0,-1.0,-1.0,-1.0,116.0,109.0,111.0,108.0,107.0,-1.0,-1.0,123.0,105.0,92.0,93.0,94.0,93.0,-1.0,219.0,211.0,-1.0,-1.0,-1.0,-1.0,-1.0,-1.0,-1.0,-1.0,-1.0,101.0,96.0,103.0,-1.0,-1.0,192.0,-1.0,-1.0,98.0,100.0,105.0,102.0,-1.0,-1.0,-1.0,-1.0,96.0,91.0,94.0,93.0,-1.0,-1.0,-1.0,-1.0,92.0,95.0,97.0,97.0,-1.0,-1.0,-1.0,-1.0,79.0,86.0,88.0,81.0,-1.0,160.0,-1.0,-1.0,88.0,-1.0,101.0,-1.0,-1.0,-1.0,-1.0,-1.0,-1.0,-1.0,-1.0,-1.0,137.0,-1.0,-1.0,-1.0,-1.0,-1.0,-1.0,-1.0,137.0,156.0,-1.0,-1.0,-1.0,-1.0,-1.0,-1.0,140.0,162.0,182.0,-1.0,-1.0,-1.0,-1.0,137.0,150.0,168.0,202.0,-1.0,-1.0,-1.0,-1.0,130.0,159.0,180.0,200.0,205.0,196.0,181.0,137.0,109.0,159.0,169.0,185.0,189.0,173.0,142.0,119.0,99.0,157.0,167.0,174.0,174.0,162.0,123.0,107.0,95.0,156.0,163.0,170.0,164.0,150.0,107.0,104.0,90.0,-1.0,-1.0,191.0,182.0,169.0,161.0,129.0,111.0,-1.0,210.0,195.0,189.0,180.0,164.0,154.0,126.0,-1.0,215.0,205.0,198.0,189.0,173.0,159.0,149.0,-1.0,211.0,201.0,194.0,189.0,180.0,169.0,148.0,-1.0,211.0,204.0,192.0,189.0,174.0,168.0,156.0,-1.0,230.0,208.0,194.0,184.0,176.0,175.0,171.0,-1.0,247.0,209.0,194.0,187.0,180.0,181.0,186.0,-1.0,-1.0,-1.0,180.0,169.0,162.0,168.0,183.0,156.0,159.0,175.0,180.0,169.0,181.0,113.0,120.0,172.0,191.0,204.0,229.0,-1.0,-1.0,206.0,138.0,193.0,217.0,241.0,-1.0,-1.0,-1.0,248.0,200.0,227.0,-1.0,-1.0,-1.0,-1.0,-1.0,221.0,-1.0,-1.0,-1.0,-1.0,-1.0,-1.0,-1.0,-1.0,-1.0,230.0,245.0,-1.0,-1.0,-1.0,-1.0,-1.0,-1.0,-1.0,-1.0,-1.0,-1.0,-1.0,-1.0,-1.0,-1.0,-1.0,-1.0,-1.0,-1.0,-1.0,-1.0,-1.0,-1.0
SEQ_000079_000015,Target,SEQ_000079,15,SUBJ_040310,Seated Straight,Hand at target location,Transition,Forehead - scratch,0.41015625,9.42578125,-4.06640625,0.138671875,0.1334228515625,-0.80426025390625,-0.56231689453125,29.833927154541016,30.597124099731445,28.831737518310547,29.56040000915528,25.202756881713867,-1.0,191.0,172.0,164.0,161.0,149.0,143.0,136.0,-1.0,203.0,188.0,176.0,164.0,159.0,147.0,146.0,241.0,224.0,199.0,187.0,176.0,170.0,165.0,168.0,237.0,244.0,216.0,177.0,170.0,170.0,167.0,183.0,-1.0,237.0,-1.0,168.0,153.0,150.0,156.0,164.0,-1.0,-1.0,-1.0,127.0,104.0,111.0,118.0,136.0,-1.0,-1.0,-1.0,106.0,102.0,99.0,99.0,103.0,-1.0,-1.0,113.0,99.0,86.0,89.0,90.0,90.0,-1.0,234.0,205.0,143.0,118.0,119.0,127.0,149.0,-1.0,-1.0,-1.0,105.0,98.0,93.0,102.0,120.0,-1.0,-1.0,-1.0,105.0,99.0,96.0,102.0,100.0,-1.0,-1.0,122.0,103.0,89.0,87.0,92.0,96.0,-1.0,-1.0,111.0,99.0,88.0,91.0,92.0,91.0,-1.0,-1.0,111.0,93.0,87.0,87.0,91.0,91.0,-1.0,-1.0,-1.0,98.0,74.0,82.0,89.0,93.0,-1.0,-1.0,-1.0,-1.0,89.0,88.0,99.0,96.0,130.0,-1.0,-1.0,-1.0,-1.0,-1.0,-1.0,-1.0,129.0,145.0,173.0,-1.0,-1.0,-1.0,-1.0,-1.0,131.0,151.0,165.0,-1.0,-1.0,-1.0,-1.0,-1.0,140.0,161.0,188.0,-1.0,-1.0,-1.0,-1.0,119.0,155.0,163.0,186.0,196.0,191.0,158.0,126.0,104.0,148.0,166.0,176.0,173.0,159.0,143.0,108.0,95.0,152.0,155.0,171.0,164.0,152.0,120.0,99.0,90.0,149.0,154.0,160.0,155.0,141.0,102.0,91.0,87.0,-1.0,-1.0,-1.0,184.0,172.0,162.0,128.0,110.0,-1.0,-1.0,202.0,190.0,177.0,164.0,153.0,124.0,-1.0,206.0,200.0,197.0,184.0,176.0,157.0,147.0,-1.0,204.0,199.0,191.0,186.0,177.0,166.0,145.0,-1.0,201.0,188.0,189.0,184.0,173.0,160.0,152.0,-1.0,214.0,193.0,183.0,181.0,168.0,167.0,159.0,-1.0,226.0,195.0,188.0,175.0,172.0,166.0,171.0,-1.0,-1.0,198.0,166.0,158.0,156.0,161.0,173.0,148.0,147.0,157.0,158.0,151.0,152.0,104.0,92.0,160.0,173.0,187.0,203.0,218.0,182.0,-1.0,112.0,185.0,196.0,212.0,247.0,-1.0,-1.0,-1.0,-1.0,220.0,248.0,-1.0,-1.0,-1.0,-1.0,-1.0,-1.0,-1.0,-1.0,-1.0,-1.0,-1.0,-1.0,-1.0,-1.0,-1.0,-1.0,-1.0,-1.0,-1.0,-1.0,-1.0,-1.0,-1.0,-1.0,-1.0,-1.0,-1.0,-1.0,-1.0,-1.0,-1.0,-1.0,-1.0,-1.0,-1.0,-1.0,-1.0,-1.0
SEQ_000079_000016,Target,SEQ_000079,16,SUBJ_040310,Seated Straight,Hand at target location,Transition,Forehead - scratch,0.6015625,9.3828125,-3.796875,0.13482666015625,0.1361083984375,-0.8037109375,-0.56329345703125,29.86899185180664,30.69663047790528,28.839075088500977,29.594331741333008,25.169578552246094,-1.0,190.0,175.0,170.0,163.0,148.0,145.0,139.0,247.0,206.0,189.0,176.0,168.0,159.0,154.0,147.0,247.0,-1.0,203.0,189.0,177.0,174.0,168.0,162.0,-1.0,247.0,217.0,177.0,171.0,166.0,169.0,178.0,-1.0,-1.0,-1.0,168.0,153.0,148.0,150.0,161.0,-1.0,-1.0,-1.0,126.0,104.0,104.0,113.0,122.0,-1.0,-1.0,-1.0,106.0,95.0,97.0,100.0,102.0,-1.0,-1.0,111.0,100.0,86.0,87.0,89.0,90.0,-1.0,230.0,208.0,139.0,108.0,109.0,123.0,138.0,-1.0,-1.0,-1.0,108.0,92.0,94.0,94.0,107.0,-1.0,-1.0,-1.0,107.0,90.0,89.0,99.0,97.0,-1.0,-1.0,119.0,108.0,85.0,87.0,90.0,92.0,-1.0,-1.0,112.0,97.0,85.0,89.0,90.0,87.0,-1.0,-1.0,115.0,98.0,80.0,87.0,88.0,87.0,-1.0,-1.0,-1.0,103.0,75.0,80.0,92.0,90.0,-1.0,-1.0,-1.0,-1.0,84.0,88.0,102.0,101.0,133.0,-1.0,-1.0,-1.0,-1.0,-1.0,-1.0,-1.0,129.0,150.0,175.0,-1.0,-1.0,-1.0,-1.0,-1.0,134.0,153.0,175.0,-1.0,-1.0,-1.0,-1.0,-1.0,143.0,161.0,191.0,-1.0,-1.0,-1.0,-1.0,109.0,154.0,167.0,177.0,188.0,174.0,158.0,120.0,97.0,151.0,161.0,172.0,179.0,156.0,132.0,106.0,91.0,151.0,159.0,165.0,161.0,152.0,113.0,95.0,86.0,149.0,160.0,160.0,154.0,142.0,99.0,89.0,82.0,-1.0,-1.0,-1.0,185.0,175.0,163.0,136.0,113.0,-1.0,-1.0,200.0,193.0,182.0,167.0,156.0,129.0,-1.0,207.0,197.0,196.0,183.0,172.0,160.0,146.0,-1.0,210.0,200.0,195.0,181.0,171.0,166.0,146.0,-1.0,211.0,199.0,193.0,179.0,172.0,162.0,154.0,-1.0,219.0,199.0,188.0,180.0,170.0,162.0,158.0,-1.0,220.0,203.0,182.0,178.0,171.0,171.0,170.0,-1.0,-1.0,208.0,163.0,156.0,154.0,157.0,168.0,149.0,154.0,166.0,163.0,156.0,165.0,104.0,100.0,161.0,180.0,191.0,211.0,227.0,198.0,-1.0,118.0,187.0,202.0,223.0,-1.0,-1.0,-1.0,-1.0,-1.0,221.0,-1.0,-1.0,-1.0,-1.0,-1.0,-1.0,-1.0,-1.0,-1.0,-1.0,-1.0,-1.0,-1.0,-1.0,-1.0,-1.0,-1.0,-1.0,-1.0,-1.0,-1.0,-1.0,-1.0,-1.0,-1.0,-1.0,-1.0,-1.0,-1.0,-1.0,-1.0,-1.0,-1.0,-1.0,-1.0,-1.0,-1.0,-1.0,-1.0
SEQ_000079_000017,Target,SEQ_000079,17,SUBJ_040310,Seated Straight,Hand at target location,Transition,Forehead - scratch,0.5234375,9.2265625,-3.64453125,0.13507080078125,0.14276123046875,-0.80133056640625,-0.56500244140625,29.90168571472168,30.379976272583008,28.974027633666992,29.54341697692871,25.033525466918945,-1.0,199.0,177.0,168.0,165.0,152.0,143.0,142.0,-1.0,-1.0,194.0,178.0,167.0,163.0,152.0,146.0,-1.0,-1.0,199.0,187.0,171.0,172.0,169.0,163.0,-1.0,-1.0,-1.0,181.0,163.0,161.0,163.0,174.0,-1.0,-1.0,-1.0,168.0,151.0,136.0,141.0,154.0,-1.0,-1.0,-1.0,124.0,100.0,102.0,104.0,113.0,-1.0,-1.0,-1.0,107.0,97.0,93.0,95.0,95.0,-1.0,-1.0,113.0,102.0,84.0,84.0,84.0,85.0,-1.0,223.0,218.0,148.0,107.0,99.0,113.0,132.0,-1.0,-1.0,-1.0,115.0,94.0,95.0,91.0,103.0,-1.0,-1.0,-1.0,108.0,94.0,90.0,95.0,93.0,-1.0,-1.0,-1.0,106.0,87.0,86.0,89.0,89.0,-1.0,-1.0,113.0,106.0,85.0,87.0,90.0,88.0,-1.0,-1.0,118.0,100.0,80.0,82.0,86.0,83.0,-1.0,-1.0,-1.0,107.0,77.0,82.0,96.0,90.0,-1.0,-1.0,-1.0,-1.0,-1.0,90.0,98.0,96.0,131.0,-1.0,-1.0,-1.0,-1.0,-1.0,-1.0,-1.0,128.0,150.0,174.0,-1.0,-1.0,-1.0,-1.0,-1.0,134.0,154.0,173.0,-1.0,-1.0,-1.0,-1.0,-1.0,144.0,161.0,189.0,-1.0,-1.0,-1.0,-1.0,106.0,156.0,166.0,186.0,194.0,174.0,153.0,119.0,96.0,151.0,159.0,174.0,173.0,157.0,129.0,101.0,94.0,152.0,158.0,165.0,158.0,154.0,109.0,95.0,86.0,148.0,159.0,160.0,155.0,138.0,96.0,90.0,83.0,-1.0,-1.0,-1.0,188.0,178.0,166.0,140.0,114.0,-1.0,-1.0,203.0,192.0,179.0,168.0,154.0,129.0,-1.0,208.0,203.0,194.0,188.0,173.0,162.0,149.0,-1.0,211.0,200.0,192.0,182.0,174.0,162.0,150.0,-1.0,209.0,190.0,186.0,185.0,169.0,164.0,155.0,-1.0,220.0,195.0,185.0,176.0,170.0,163.0,159.0,-1.0,230.0,205.0,189.0,179.0,170.0,170.0,167.0,-1.0,-1.0,-1.0,169.0,156.0,153.0,155.0,166.0,151.0,155.0,166.0,167.0,152.0,166.0,102.0,98.0,167.0,183.0,195.0,214.0,231.0,-1.0,-1.0,123.0,191.0,206.0,227.0,-1.0,-1.0,-1.0,-1.0,-1.0,226.0,-1.0,-1.0,-1.0,-1.0,-1.0,-1.0,-1.0,-1.0,-1.0,-1.0,-1.0,-1.0,-1.0,-1.0,-1.0,-1.0,-1.0,-1.0,-1.0,-1.0,-1.0,-1.0,-1.0,-1.0,-1.0,-1.0,-1.0,-1.0,-1.0,-1.0,-1.0,-1.0,-1.0,-1.0,-1.0,-1.0,-1.0,-1.0,-1.0
SEQ_000079_000018,Target,SEQ_000079,18,SUBJ_040310,Seated Straight,Hand at target location,Transition,Forehead - scratch,0.41015625,9.3046875,-3.8359375,0.132080078125,0.14752197265625,-0.8006591796875,-0.5654296875,29.936731338500977,30.486961364746094,29.023799896240234,29.57008552551269,25.007797241210938,-1.0,200.0,180.0,167.0,162.0,150.0,144.0,141.0,246.0,-1.0,196.0,183.0,168.0,158.0,151.0,146.0,248.0,-1.0,204.0,190.0,173.0,166.0,164.0,163.0,-1.0,-1.0,-1.0,178.0,162.0,162.0,157.0,168.0,-1.0,-1.0,-1.0,166.0,151.0,137.0,147.0,145.0,-1.0,-1.0,-1.0,125.0,101.0,99.0,105.0,111.0,-1.0,-1.0,-1.0,107.0,98.0,94.0,94.0,94.0,-1.0,-1.0,114.0,103.0,84.0,82.0,82.0,85.0,-1.0,246.0,220.0,141.0,103.0,97.0,112.0,128.0,-1.0,-1.0,-1.0,115.0,94.0,92.0,91.0,102.0,-1.0,-1.0,-1.0,109.0,88.0,90.0,94.0,95.0,-1.0,-1.0,-1.0,102.0,85.0,82.0,88.0,89.0,-1.0,-1.0,113.0,102.0,85.0,87.0,91.0,87.0,-1.0,-1.0,-1.0,97.0,78.0,80.0,85.0,82.0,-1.0,-1.0,-1.0,118.0,75.0,80.0,97.0,87.0,-1.0,-1.0,-1.0,-1.0,-1.0,89.0,93.0,98.0,129.0,144.0,-1.0,-1.0,-1.0,-1.0,-1.0,-1.0,127.0,145.0,173.0,-1.0,-1.0,-1.0,-1.0,-1.0,135.0,152.0,174.0,-1.0,-1.0,-1.0,-1.0,-1.0,142.0,164.0,189.0,-1.0,-1.0,-1.0,-1.0,105.0,155.0,167.0,182.0,187.0,176.0,147.0,120.0,94.0,152.0,160.0,170.0,170.0,157.0,128.0,101.0,93.0,151.0,156.0,165.0,155.0,148.0,107.0,91.0,84.0,149.0,157.0,161.0,152.0,142.0,95.0,85.0,78.0,-1.0,-1.0,-1.0,184.0,174.0,164.0,140.0,113.0,-1.0,-1.0,202.0,194.0,177.0,168.0,157.0,132.0,-1.0,214.0,202.0,188.0,185.0,173.0,163.0,146.0,-1.0,216.0,200.0,188.0,180.0,174.0,163.0,146.0,-1.0,216.0,200.0,185.0,183.0,171.0,166.0,150.0,-1.0,224.0,195.0,188.0,176.0,169.0,166.0,155.0,-1.0,233.0,200.0,187.0,175.0,171.0,165.0,166.0,-1.0,-1.0,205.0,169.0,158.0,149.0,152.0,165.0,147.0,149.0,165.0,161.0,151.0,161.0,102.0,91.0,167.0,182.0,193.0,210.0,229.0,-1.0,-1.0,122.0,188.0,203.0,231.0,-1.0,-1.0,-1.0,-1.0,-1.0,228.0,-1.0,-1.0,-1.0,-1.0,-1.0,-1.0,-1.0,-1.0,-1.0,-1.0,-1.0,-1.0,-1.0,-1.0,-1.0,-1.0,-1.0,-1.0,-1.0,-1.0,-1.0,-1.0,-1.0,-1.0,-1.0,-1.0,-1.0,-1.0,-1.0,-1.0,-1.0,-1.0,-1.0,-1.0,-1.0,-1.0,-1.0,-1.0,-1.0
SEQ_000079_000019,Target,SEQ_000079,19,SUBJ_040310,Seated Straight,Hand at target location,Transition,Forehead - scratch,0.21875,9.2265625,-3.72265625,0.12176513671875,0.150390625,-0.80828857421875,-0.5560302734375,29.878772735595703,30.454456329345703,29.096303939819336,29.64037132263184,25.007797241210938,-1.0,203.0,181.0,169.0,160.0,151.0,145.0,145.0,-1.0,-1.0,195.0,184.0,169.0,163.0,150.0,150.0,-1.0,-1.0,205.0,193.0,177.0,167.0,164.0,163.0,-1.0,-1.0,-1.0,186.0,161.0,162.0,162.0,170.0,-1.0,-1.0,-1.0,175.0,149.0,139.0,151.0,148.0,-1.0,-1.0,-1.0,131.0,99.0,100.0,101.0,115.0,-1.0,-1.0,-1.0,107.0,95.0,95.0,96.0,96.0,-1.0,-1.0,111.0,103.0,86.0,84.0,85.0,86.0,-1.0,207.0,217.0,147.0,106.0,97.0,113.0,126.0,-1.0,-1.0,-1.0,115.0,95.0,92.0,93.0,100.0,-1.0,-1.0,-1.0,110.0,96.0,89.0,94.0,95.0,-1.0,-1.0,-1.0,108.0,87.0,83.0,87.0,89.0,-1.0,-1.0,112.0,99.0,85.0,85.0,91.0,84.0,-1.0,-1.0,-1.0,96.0,80.0,87.0,87.0,81.0,-1.0,-1.0,-1.0,-1.0,75.0,80.0,95.0,89.0,-1.0,-1.0,-1.0,-1.0,-1.0,92.0,101.0,97.0,131.0,140.0,-1.0,-1.0,-1.0,-1.0,-1.0,-1.0,126.0,148.0,172.0,-1.0,-1.0,-1.0,-1.0,-1.0,135.0,154.0,176.0,-1.0,-1.0,-1.0,-1.0,-1.0,146.0,162.0,190.0,-1.0,-1.0,-1.0,-1.0,108.0,153.0,165.0,183.0,188.0,174.0,147.0,117.0,95.0,149.0,163.0,170.0,172.0,151.0,136.0,102.0,93.0,152.0,160.0,166.0,161.0,144.0,112.0,97.0,87.0,147.0,158.0,163.0,151.0,143.0,101.0,89.0,84.0,-1.0,-1.0,-1.0,181.0,174.0,159.0,140.0,109.0,-1.0,-1.0,200.0,190.0,181.0,166.0,159.0,129.0,-1.0,212.0,197.0,190.0,180.0,165.0,158.0,141.0,-1.0,207.0,193.0,187.0,185.0,169.0,159.0,148.0,-1.0,205.0,195.0,177.0,180.0,166.0,159.0,145.0,-1.0,217.0,201.0,185.0,178.0,165.0,160.0,152.0,-1.0,229.0,199.0,181.0,171.0,164.0,168.0,159.0,-1.0,-1.0,209.0,169.0,156.0,146.0,150.0,159.0,143.0,147.0,162.0,166.0,153.0,170.0,108.0,99.0,162.0,177.0,192.0,215.0,232.0,-1.0,-1.0,118.0,191.0,206.0,227.0,-1.0,-1.0,-1.0,-1.0,-1.0,225.0,-1.0,-1.0,-1.0,-1.0,-1.0,-1.0,-1.0,-1.0,-1.0,-1.0,-1.0,-1.0,-1.0,-1.0,-1.0,-1.0,-1.0,-1.0,-1.0,-1.0,-1.0,-1.0,-1.0,-1.0,-1.0,-1.0,-1.0,-1.0,-1.0,-1.0,-1.0,-1.0,-1.0,-1.0,-1.0,-1.0,-1.0,-1.0,-1.0
SEQ_000079_000020,Target,SEQ_000079,20,SUBJ_040310,Seated Straight,Hand at target location,Transition,Forehead - scratch,0.1796875,9.38671875,-3.76171875,0.115234375,0.1497802734375,-0.8111572265625,-0.553466796875,29.90125274658203,30.46910858154297,29.18355369567871,29.62088394165039,24.89991950988769,-1.0,-1.0,179.0,168.0,162.0,150.0,144.0,139.0,-1.0,-1.0,192.0,180.0,168.0,161.0,151.0,143.0,-1.0,-1.0,206.0,186.0,177.0,169.0,161.0,162.0,-1.0,-1.0,-1.0,186.0,163.0,160.0,155.0,169.0,-1.0,-1.0,-1.0,171.0,150.0,130.0,146.0,147.0,-1.0,-1.0,-1.0,137.0,102.0,98.0,103.0,108.0,-1.0,-1.0,-1.0,107.0,96.0,94.0,96.0,94.0,-1.0,-1.0,113.0,102.0,85.0,84.0,83.0,85.0,-1.0,216.0,225.0,150.0,105.0,98.0,111.0,124.0,-1.0,-1.0,-1.0,120.0,95.0,93.0,93.0,103.0,-1.0,-1.0,-1.0,110.0,95.0,91.0,97.0,95.0,-1.0,-1.0,-1.0,102.0,92.0,85.0,91.0,91.0,-1.0,-1.0,117.0,102.0,91.0,85.0,89.0,87.0,-1.0,-1.0,-1.0,99.0,81.0,83.0,89.0,83.0,-1.0,-1.0,-1.0,105.0,77.0,83.0,95.0,85.0,-1.0,-1.0,-1.0,-1.0,96.0,90.0,105.0,97.0,128.0,141.0,-1.0,-1.0,-1.0,-1.0,-1.0,-1.0,128.0,146.0,169.0,-1.0,-1.0,-1.0,-1.0,-1.0,133.0,151.0,171.0,-1.0,-1.0,-1.0,-1.0,-1.0,141.0,164.0,185.0,200.0,-1.0,-1.0,140.0,104.0,152.0,162.0,182.0,184.0,169.0,145.0,117.0,97.0,150.0,158.0,170.0,171.0,153.0,128.0,105.0,92.0,150.0,159.0,163.0,159.0,147.0,111.0,91.0,86.0,148.0,158.0,160.0,153.0,140.0,98.0,88.0,84.0,-1.0,-1.0,-1.0,185.0,173.0,164.0,146.0,117.0,-1.0,-1.0,203.0,188.0,173.0,164.0,153.0,132.0,-1.0,203.0,199.0,187.0,182.0,166.0,157.0,142.0,-1.0,211.0,194.0,187.0,178.0,168.0,161.0,144.0,-1.0,217.0,195.0,182.0,178.0,167.0,158.0,147.0,-1.0,224.0,192.0,183.0,177.0,164.0,157.0,152.0,-1.0,236.0,197.0,184.0,172.0,170.0,162.0,160.0,-1.0,-1.0,-1.0,171.0,152.0,147.0,148.0,156.0,147.0,151.0,166.0,168.0,158.0,172.0,108.0,100.0,160.0,183.0,191.0,211.0,234.0,-1.0,-1.0,125.0,193.0,209.0,237.0,-1.0,-1.0,-1.0,-1.0,-1.0,238.0,-1.0,-1.0,-1.0,-1.0,-1.0,-1.0,-1.0,-1.0,-1.0,-1.0,-1.0,-1.0,-1.0,-1.0,-1.0,-1.0,-1.0,-1.0,-1.0,-1.0,-1.0,-1.0,-1.0,-1.0,-1.0,-1.0,-1.0,-1.0,-1.0,-1.0,-1.0,-1.0,-1.0,-1.0,-1.0,-1.0,-1.0,-1.0,-1.0
SEQ_000079_000021,Target,SEQ_000079,21,SUBJ_040310,Seated Straight,Hand at target location,Transition,Forehead - scratch,0.02734375,9.26953125,-3.72265625,0.1055908203125,0.14849853515625,-0.810791015625,-0.55621337890625,29.740272521972656,30.364118576049805,29.216033935546875,29.57724952697754,24.89991950988769,-1.0,-1.0,183.0,167.0,164.0,155.0,144.0,142.0,-1.0,-1.0,192.0,182.0,170.0,162.0,150.0,146.0,-1.0,-1.0,203.0,196.0,177.0,169.0,166.0,162.0,-1.0,-1.0,-1.0,195.0,160.0,160.0,158.0,171.0,-1.0,-1.0,-1.0,172.0,163.0,136.0,144.0,146.0,-1.0,-1.0,-1.0,147.0,101.0,100.0,102.0,109.0,-1.0,-1.0,-1.0,114.0,98.0,97.0,96.0,92.0,-1.0,-1.0,116.0,107.0,85.0,85.0,86.0,85.0,-1.0,197.0,218.0,152.0,109.0,96.0,110.0,124.0,-1.0,-1.0,-1.0,124.0,98.0,93.0,91.0,97.0,-1.0,-1.0,-1.0,111.0,96.0,88.0,94.0,96.0,-1.0,-1.0,-1.0,108.0,91.0,85.0,87.0,89.0,-1.0,-1.0,-1.0,106.0,90.0,91.0,93.0,86.0,-1.0,-1.0,-1.0,100.0,83.0,85.0,89.0,84.0,-1.0,-1.0,-1.0,112.0,77.0,80.0,91.0,85.0,-1.0,-1.0,-1.0,-1.0,-1.0,91.0,103.0,95.0,124.0,140.0,-1.0,-1.0,-1.0,-1.0,-1.0,-1.0,124.0,143.0,162.0,-1.0,-1.0,-1.0,-1.0,-1.0,134.0,149.0,179.0,-1.0,-1.0,-1.0,-1.0,-1.0,143.0,164.0,185.0,196.0,-1.0,-1.0,127.0,104.0,151.0,160.0,177.0,180.0,164.0,147.0,112.0,90.0,147.0,154.0,172.0,167.0,155.0,125.0,99.0,91.0,150.0,160.0,163.0,156.0,145.0,108.0,91.0,83.0,147.0,157.0,158.0,156.0,138.0,97.0,88.0,81.0,-1.0,-1.0,-1.0,188.0,174.0,161.0,145.0,111.0,-1.0,-1.0,200.0,194.0,174.0,164.0,152.0,137.0,-1.0,216.0,201.0,191.0,184.0,171.0,160.0,139.0,-1.0,211.0,200.0,189.0,179.0,172.0,157.0,148.0,-1.0,220.0,194.0,184.0,174.0,167.0,157.0,145.0,-1.0,232.0,200.0,184.0,174.0,165.0,156.0,153.0,-1.0,236.0,203.0,183.0,171.0,165.0,160.0,158.0,-1.0,-1.0,-1.0,171.0,155.0,148.0,146.0,158.0,151.0,155.0,168.0,175.0,164.0,176.0,112.0,102.0,169.0,180.0,199.0,226.0,237.0,-1.0,-1.0,126.0,190.0,220.0,236.0,-1.0,-1.0,-1.0,-1.0,-1.0,243.0,-1.0,-1.0,-1.0,-1.0,-1.0,-1.0,-1.0,-1.0,-1.0,-1.0,-1.0,-1.0,-1.0,-1.0,-1.0,-1.0,-1.0,-1.0,-1.0,-1.0,-1.0,-1.0,-1.0,-1.0,-1.0,-1.0,-1.0,-1.0,-1.0,-1.0,-1.0,-1.0,-1.0,-1.0,-1.0,-1.0,-1.0,-1.0,-1.0
SEQ_000079_000022,Target,SEQ_000079,22,SUBJ_040310,Seated Straight,Hand at target location,Transition,Forehead - scratch,-0.05078125,9.34375,-3.796875,0.10418701171875,0.150634765625,-0.80889892578125,-0.5587158203125,29.65957260131836,30.505773544311523,29.26569938659668,29.49964904785156,24.704774856567383,-1.0,-1.0,183.0,169.0,160.0,151.0,143.0,141.0,-1.0,-1.0,199.0,183.0,174.0,161.0,149.0,146.0,-1.0,245.0,204.0,191.0,176.0,165.0,165.0,160.0,-1.0,-1.0,-1.0,195.0,170.0,158.0,152.0,160.0,-1.0,-1.0,-1.0,175.0,154.0,131.0,148.0,141.0,-1.0,-1.0,-1.0,142.0,106.0,98.0,98.0,109.0,-1.0,-1.0,-1.0,113.0,96.0,95.0,92.0,90.0,-1.0,-1.0,120.0,106.0,86.0,81.0,86.0,85.0,-1.0,188.0,230.0,151.0,105.0,94.0,106.0,120.0,-1.0,-1.0,-1.0,120.0,90.0,89.0,89.0,95.0,-1.0,-1.0,-1.0,108.0,93.0,85.0,91.0,92.0,-1.0,-1.0,-1.0,104.0,85.0,83.0,80.0,86.0,-1.0,-1.0,-1.0,101.0,88.0,86.0,88.0,83.0,-1.0,-1.0,-1.0,98.0,77.0,83.0,84.0,82.0,-1.0,-1.0,-1.0,104.0,72.0,75.0,90.0,81.0,-1.0,-1.0,-1.0,-1.0,90.0,88.0,96.0,92.0,122.0,135.0,-1.0,-1.0,-1.0,-1.0,-1.0,-1.0,122.0,145.0,164.0,-1.0,-1.0,-1.0,-1.0,-1.0,132.0,150.0,175.0,-1.0,-1.0,-1.0,-1.0,-1.0,144.0,161.0,185.0,199.0,-1.0,-1.0,137.0,102.0,147.0,159.0,180.0,184.0,163.0,143.0,113.0,92.0,152.0,158.0,168.0,165.0,154.0,124.0,98.0,91.0,149.0,156.0,161.0,155.0,148.0,106.0,91.0,81.0,145.0,159.0,156.0,152.0,144.0,95.0,86.0,81.0,-1.0,-1.0,-1.0,191.0,173.0,164.0,145.0,118.0,-1.0,-1.0,203.0,192.0,178.0,163.0,151.0,133.0,-1.0,218.0,203.0,193.0,183.0,171.0,159.0,140.0,-1.0,213.0,203.0,188.0,182.0,165.0,160.0,149.0,-1.0,225.0,195.0,181.0,179.0,170.0,156.0,148.0,-1.0,-1.0,206.0,187.0,177.0,167.0,158.0,151.0,-1.0,240.0,206.0,181.0,169.0,166.0,162.0,157.0,-1.0,-1.0,-1.0,173.0,152.0,146.0,144.0,155.0,151.0,156.0,170.0,173.0,162.0,178.0,109.0,99.0,171.0,185.0,201.0,227.0,242.0,-1.0,-1.0,124.0,196.0,220.0,244.0,-1.0,-1.0,-1.0,-1.0,-1.0,243.0,-1.0,-1.0,-1.0,-1.0,-1.0,-1.0,-1.0,-1.0,-1.0,-1.0,-1.0,-1.0,-1.0,-1.0,-1.0,-1.0,-1.0,-1.0,-1.0,-1.0,-1.0,-1.0,-1.0,-1.0,-1.0,-1.0,-1.0,-1.0,-1.0,-1.0,-1.0,-1.0,-1.0,-1.0,-1.0,-1.0,-1.0,-1.0,-1.0
SEQ_000079_000023,Target,SEQ_000079,23,SUBJ_040310,Seated Straight,Hand at target location,Transition,Forehead - scratch,-0.125,9.34375,-3.60546875,0.10223388671875,0.15179443359375,-0.80938720703125,-0.55804443359375,29.70224952697754,30.540346145629883,29.24056434631348,29.494688034057617,24.68907356262207,-1.0,-1.0,184.0,169.0,161.0,150.0,143.0,138.0,-1.0,-1.0,199.0,183.0,171.0,161.0,148.0,144.0,-1.0,-1.0,212.0,190.0,180.0,166.0,165.0,162.0,-1.0,-1.0,-1.0,190.0,168.0,160.0,157.0,163.0,-1.0,-1.0,-1.0,174.0,155.0,130.0,144.0,142.0,-1.0,-1.0,-1.0,137.0,102.0,101.0,99.0,107.0,-1.0,-1.0,-1.0,111.0,99.0,93.0,93.0,91.0,-1.0,-1.0,116.0,101.0,87.0,84.0,84.0,85.0,-1.0,195.0,221.0,149.0,106.0,92.0,110.0,119.0,-1.0,-1.0,-1.0,113.0,92.0,87.0,87.0,94.0,-1.0,-1.0,-1.0,108.0,82.0,85.0,88.0,91.0,-1.0,-1.0,-1.0,99.0,83.0,81.0,85.0,86.0,-1.0,-1.0,-1.0,99.0,85.0,83.0,86.0,83.0,-1.0,-1.0,-1.0,90.0,78.0,80.0,85.0,79.0,-1.0,-1.0,-1.0,105.0,72.0,79.0,89.0,81.0,-1.0,-1.0,-1.0,-1.0,88.0,89.0,95.0,93.0,126.0,139.0,-1.0,-1.0,-1.0,-1.0,-1.0,-1.0,125.0,147.0,165.0,-1.0,-1.0,-1.0,-1.0,-1.0,133.0,148.0,170.0,-1.0,-1.0,-1.0,-1.0,-1.0,145.0,164.0,188.0,197.0,-1.0,-1.0,132.0,102.0,147.0,161.0,180.0,181.0,164.0,141.0,114.0,94.0,148.0,158.0,166.0,167.0,156.0,128.0,97.0,89.0,149.0,156.0,161.0,151.0,148.0,106.0,91.0,83.0,147.0,157.0,157.0,152.0,138.0,94.0,87.0,83.0,-1.0,-1.0,-1.0,187.0,172.0,162.0,145.0,114.0,-1.0,-1.0,203.0,193.0,176.0,169.0,155.0,133.0,-1.0,218.0,200.0,195.0,180.0,173.0,157.0,140.0,-1.0,210.0,199.0,190.0,177.0,165.0,159.0,149.0,-1.0,226.0,199.0,184.0,177.0,171.0,158.0,146.0,-1.0,224.0,203.0,187.0,179.0,166.0,158.0,151.0,-1.0,233.0,207.0,184.0,169.0,162.0,164.0,160.0,-1.0,-1.0,-1.0,167.0,153.0,148.0,145.0,156.0,150.0,154.0,171.0,171.0,163.0,174.0,111.0,98.0,168.0,184.0,204.0,228.0,248.0,-1.0,-1.0,124.0,202.0,228.0,237.0,-1.0,-1.0,-1.0,-1.0,-1.0,-1.0,-1.0,-1.0,-1.0,-1.0,-1.0,-1.0,-1.0,-1.0,-1.0,-1.0,-1.0,-1.0,-1.0,-1.0,-1.0,-1.0,-1.0,-1.0,-1.0,-1.0,-1.0,-1.0,-1.0,-1.0,-1.0,-1.0,-1.0,-1.0,-1.0,-1.0,-1.0,-1.0,-1.0,-1.0,-1.0,-1.0,-1.0,-1.0,-1.0
SEQ_000079_000024,Target,SEQ_000079,24,SUBJ_040310,Seated Straight,Hand at target location,Transition,Forehead - scratch,-0.125,9.30859375,-3.5703125,0.09991455078125,0.15106201171875,-0.80914306640625,-0.5589599609375,29.78279685974121,30.495227813720703,29.20063018798828,29.514095306396484,24.642677307128903,-1.0,-1.0,184.0,168.0,160.0,154.0,143.0,137.0,-1.0,-1.0,199.0,185.0,173.0,162.0,147.0,146.0,-1.0,-1.0,206.0,189.0,175.0,164.0,161.0,158.0,-1.0,248.0,-1.0,185.0,165.0,157.0,151.0,163.0,-1.0,-1.0,-1.0,177.0,151.0,133.0,143.0,141.0,-1.0,-1.0,-1.0,134.0,101.0,97.0,97.0,104.0,-1.0,-1.0,-1.0,106.0,96.0,93.0,91.0,89.0,-1.0,-1.0,114.0,103.0,84.0,82.0,79.0,83.0,-1.0,-1.0,222.0,148.0,102.0,92.0,102.0,118.0,-1.0,-1.0,-1.0,113.0,90.0,91.0,88.0,95.0,-1.0,-1.0,-1.0,108.0,89.0,87.0,92.0,91.0,-1.0,-1.0,-1.0,105.0,81.0,81.0,81.0,86.0,-1.0,-1.0,-1.0,99.0,85.0,84.0,88.0,83.0,-1.0,-1.0,-1.0,98.0,74.0,81.0,83.0,82.0,-1.0,-1.0,-1.0,105.0,75.0,79.0,93.0,81.0,-1.0,-1.0,-1.0,-1.0,-1.0,89.0,97.0,92.0,124.0,138.0,-1.0,-1.0,-1.0,-1.0,-1.0,-1.0,124.0,145.0,162.0,-1.0,-1.0,-1.0,-1.0,-1.0,132.0,149.0,173.0,-1.0,-1.0,-1.0,-1.0,-1.0,144.0,160.0,181.0,194.0,-1.0,-1.0,132.0,105.0,149.0,162.0,175.0,176.0,164.0,142.0,111.0,92.0,149.0,156.0,171.0,166.0,153.0,122.0,97.0,89.0,151.0,159.0,159.0,153.0,147.0,103.0,88.0,83.0,147.0,156.0,159.0,149.0,137.0,93.0,86.0,79.0,-1.0,-1.0,-1.0,195.0,174.0,165.0,149.0,115.0,-1.0,-1.0,207.0,198.0,183.0,167.0,154.0,135.0,-1.0,213.0,204.0,197.0,182.0,172.0,161.0,142.0,-1.0,220.0,205.0,194.0,181.0,170.0,159.0,149.0,-1.0,233.0,198.0,180.0,179.0,174.0,158.0,147.0,-1.0,227.0,204.0,197.0,175.0,171.0,156.0,150.0,-1.0,240.0,204.0,190.0,173.0,166.0,162.0,157.0,-1.0,-1.0,-1.0,173.0,152.0,146.0,145.0,153.0,150.0,158.0,172.0,174.0,159.0,176.0,112.0,103.0,169.0,184.0,199.0,233.0,234.0,-1.0,-1.0,126.0,198.0,224.0,238.0,-1.0,-1.0,-1.0,-1.0,-1.0,-1.0,-1.0,-1.0,-1.0,-1.0,-1.0,-1.0,-1.0,-1.0,-1.0,-1.0,-1.0,-1.0,-1.0,-1.0,-1.0,-1.0,-1.0,-1.0,-1.0,-1.0,-1.0,-1.0,-1.0,-1.0,-1.0,-1.0,-1.0,-1.0,-1.0,-1.0,-1.0,-1.0,-1.0,-1.0,-1.0,-1.0,-1.0,-1.0,-1.0
SEQ_000079_000025,Target,SEQ_000079,25,SUBJ_040310,Seated Straight,Hand at target location,Transition,Forehead - scratch,-0.1640625,9.3046875,-3.64453125,0.09771728515625,0.150146484375,-0.8092041015625,-0.5595703125,29.79272079467773,30.4228572845459,29.307891845703125,29.34649658203125,24.71228408813477,-1.0,-1.0,188.0,168.0,164.0,151.0,144.0,140.0,-1.0,241.0,195.0,187.0,169.0,160.0,148.0,146.0,-1.0,246.0,205.0,192.0,174.0,163.0,160.0,159.0,-1.0,-1.0,236.0,197.0,165.0,159.0,150.0,163.0,-1.0,-1.0,237.0,178.0,150.0,130.0,139.0,140.0,-1.0,-1.0,-1.0,138.0,99.0,99.0,100.0,110.0,-1.0,-1.0,-1.0,110.0,96.0,91.0,92.0,90.0,-1.0,-1.0,112.0,102.0,81.0,82.0,79.0,84.0,-1.0,-1.0,201.0,-1.0,101.0,91.0,102.0,123.0,-1.0,-1.0,-1.0,-1.0,91.0,90.0,88.0,93.0,-1.0,190.0,-1.0,108.0,91.0,90.0,90.0,91.0,-1.0,-1.0,-1.0,102.0,85.0,85.0,83.0,87.0,-1.0,-1.0,-1.0,100.0,91.0,87.0,87.0,85.0,-1.0,-1.0,-1.0,94.0,76.0,81.0,87.0,77.0,-1.0,-1.0,-1.0,-1.0,74.0,81.0,91.0,79.0,-1.0,-1.0,-1.0,-1.0,-1.0,89.0,98.0,93.0,125.0,137.0,-1.0,-1.0,-1.0,-1.0,-1.0,-1.0,124.0,146.0,166.0,-1.0,-1.0,-1.0,-1.0,-1.0,135.0,149.0,175.0,-1.0,-1.0,-1.0,-1.0,-1.0,148.0,164.0,185.0,204.0,-1.0,-1.0,123.0,102.0,151.0,159.0,177.0,180.0,163.0,143.0,113.0,92.0,152.0,159.0,171.0,168.0,153.0,125.0,97.0,92.0,151.0,161.0,162.0,156.0,144.0,103.0,89.0,82.0,148.0,162.0,158.0,153.0,143.0,92.0,88.0,82.0,-1.0,-1.0,-1.0,191.0,176.0,167.0,150.0,116.0,-1.0,-1.0,211.0,198.0,180.0,169.0,157.0,137.0,-1.0,224.0,208.0,197.0,188.0,173.0,164.0,145.0,-1.0,223.0,205.0,193.0,186.0,176.0,160.0,152.0,-1.0,231.0,205.0,192.0,180.0,173.0,163.0,149.0,-1.0,238.0,209.0,198.0,178.0,169.0,163.0,156.0,-1.0,234.0,209.0,192.0,173.0,167.0,164.0,163.0,-1.0,-1.0,-1.0,179.0,156.0,150.0,148.0,159.0,149.0,158.0,172.0,172.0,158.0,172.0,106.0,101.0,167.0,183.0,205.0,235.0,240.0,-1.0,-1.0,116.0,204.0,218.0,246.0,-1.0,-1.0,-1.0,-1.0,-1.0,245.0,-1.0,-1.0,-1.0,-1.0,-1.0,-1.0,-1.0,-1.0,-1.0,-1.0,-1.0,-1.0,-1.0,-1.0,-1.0,-1.0,-1.0,-1.0,-1.0,-1.0,-1.0,-1.0,-1.0,-1.0,-1.0,-1.0,-1.0,-1.0,-1.0,-1.0,-1.0,-1.0,-1.0,-1.0,-1.0,-1.0,-1.0,-1.0,-1.0
SEQ_000079_000026,Target,SEQ_000079,26,SUBJ_040310,Seated Straight,Hand at target location,Transition,Forehead - scratch,-0.2421875,9.3828125,-3.60546875,0.09149169921875,0.15216064453125,-0.810302734375,-0.5584716796875,29.727161407470703,30.41028594970703,29.248023986816406,29.40478134155273,24.74036979675293,-1.0,-1.0,190.0,169.0,159.0,152.0,146.0,139.0,-1.0,-1.0,195.0,182.0,172.0,164.0,149.0,147.0,-1.0,249.0,208.0,193.0,174.0,162.0,163.0,162.0,-1.0,248.0,-1.0,196.0,164.0,151.0,157.0,163.0,-1.0,-1.0,-1.0,175.0,147.0,127.0,147.0,138.0,-1.0,-1.0,-1.0,132.0,98.0,97.0,100.0,104.0,-1.0,-1.0,-1.0,110.0,99.0,92.0,92.0,90.0,-1.0,-1.0,113.0,101.0,86.0,81.0,82.0,83.0,-1.0,188.0,216.0,152.0,99.0,90.0,102.0,120.0,-1.0,185.0,-1.0,115.0,94.0,89.0,89.0,93.0,-1.0,-1.0,-1.0,108.0,87.0,83.0,90.0,90.0,-1.0,-1.0,-1.0,103.0,84.0,84.0,86.0,87.0,-1.0,-1.0,-1.0,100.0,88.0,84.0,88.0,82.0,-1.0,-1.0,-1.0,96.0,75.0,81.0,86.0,79.0,-1.0,-1.0,-1.0,107.0,74.0,79.0,91.0,80.0,-1.0,-1.0,-1.0,-1.0,-1.0,92.0,100.0,96.0,127.0,141.0,-1.0,-1.0,-1.0,-1.0,-1.0,-1.0,125.0,148.0,160.0,-1.0,-1.0,-1.0,-1.0,-1.0,134.0,149.0,177.0,-1.0,-1.0,-1.0,-1.0,-1.0,148.0,163.0,186.0,200.0,-1.0,-1.0,125.0,102.0,153.0,163.0,178.0,182.0,161.0,142.0,112.0,92.0,150.0,160.0,166.0,165.0,152.0,121.0,99.0,89.0,154.0,158.0,160.0,155.0,147.0,105.0,88.0,81.0,149.0,162.0,160.0,148.0,144.0,93.0,86.0,78.0,-1.0,-1.0,-1.0,192.0,179.0,164.0,151.0,116.0,-1.0,-1.0,205.0,201.0,181.0,167.0,155.0,138.0,-1.0,216.0,202.0,195.0,191.0,172.0,160.0,144.0,-1.0,226.0,208.0,193.0,185.0,171.0,161.0,150.0,-1.0,231.0,202.0,188.0,182.0,170.0,161.0,148.0,-1.0,234.0,211.0,194.0,181.0,171.0,160.0,154.0,-1.0,237.0,217.0,193.0,173.0,168.0,163.0,165.0,-1.0,-1.0,-1.0,174.0,158.0,149.0,143.0,158.0,149.0,159.0,174.0,175.0,164.0,176.0,109.0,99.0,168.0,189.0,198.0,229.0,243.0,-1.0,-1.0,131.0,201.0,227.0,243.0,-1.0,-1.0,-1.0,-1.0,-1.0,-1.0,-1.0,-1.0,-1.0,-1.0,-1.0,-1.0,-1.0,-1.0,-1.0,-1.0,-1.0,-1.0,-1.0,-1.0,-1.0,-1.0,-1.0,-1.0,-1.0,-1.0,-1.0,-1.0,-1.0,-1.0,-1.0,-1.0,-1.0,-1.0,-1.0,-1.0,-1.0,-1.0,-1.0,-1.0,-1.0,-1.0,-1.0,-1.0,-1.0
SEQ_000079_000027,Target,SEQ_000079,27,SUBJ_040310,Seated Straight,Hand at target location,Transition,Forehead - scratch,-0.203125,9.7265625,-3.76171875,0.0760498046875,0.16033935546875,-0.82012939453125,-0.5439453125,29.94094657897949,31.006935119628903,29.36256217956543,29.32706069946289,24.64531517028809,-1.0,-1.0,194.0,173.0,166.0,156.0,146.0,143.0,-1.0,240.0,199.0,188.0,173.0,165.0,153.0,148.0,-1.0,-1.0,-1.0,194.0,174.0,163.0,160.0,161.0,-1.0,241.0,245.0,194.0,160.0,152.0,151.0,155.0,-1.0,-1.0,-1.0,176.0,130.0,116.0,127.0,139.0,-1.0,-1.0,-1.0,115.0,96.0,91.0,95.0,97.0,-1.0,-1.0,-1.0,103.0,93.0,89.0,86.0,87.0,-1.0,-1.0,108.0,95.0,77.0,75.0,77.0,80.0,-1.0,-1.0,202.0,126.0,83.0,76.0,82.0,112.0,-1.0,-1.0,-1.0,91.0,82.0,76.0,79.0,79.0,-1.0,-1.0,-1.0,94.0,80.0,79.0,81.0,84.0,-1.0,-1.0,106.0,87.0,77.0,75.0,78.0,77.0,-1.0,-1.0,97.0,92.0,77.0,77.0,78.0,80.0,-1.0,-1.0,-1.0,86.0,76.0,81.0,81.0,78.0,-1.0,-1.0,-1.0,88.0,68.0,70.0,84.0,83.0,-1.0,-1.0,-1.0,-1.0,75.0,77.0,95.0,86.0,129.0,-1.0,-1.0,-1.0,-1.0,-1.0,-1.0,-1.0,127.0,151.0,168.0,-1.0,-1.0,-1.0,-1.0,-1.0,141.0,151.0,184.0,-1.0,-1.0,-1.0,-1.0,-1.0,147.0,169.0,187.0,-1.0,-1.0,-1.0,113.0,91.0,156.0,168.0,180.0,182.0,161.0,132.0,96.0,82.0,157.0,163.0,167.0,157.0,146.0,114.0,84.0,79.0,157.0,167.0,155.0,149.0,142.0,94.0,76.0,70.0,154.0,166.0,154.0,142.0,137.0,80.0,70.0,72.0,-1.0,-1.0,-1.0,211.0,192.0,180.0,160.0,120.0,-1.0,-1.0,222.0,213.0,200.0,183.0,163.0,146.0,-1.0,-1.0,213.0,209.0,203.0,186.0,174.0,148.0,-1.0,-1.0,216.0,201.0,187.0,182.0,166.0,156.0,-1.0,-1.0,215.0,200.0,184.0,183.0,169.0,157.0,-1.0,-1.0,218.0,199.0,188.0,182.0,165.0,164.0,-1.0,-1.0,219.0,197.0,174.0,164.0,163.0,165.0,-1.0,-1.0,-1.0,169.0,149.0,142.0,140.0,148.0,154.0,167.0,177.0,176.0,164.0,180.0,86.0,82.0,177.0,194.0,215.0,233.0,-1.0,-1.0,-1.0,101.0,218.0,233.0,-1.0,-1.0,-1.0,-1.0,-1.0,-1.0,-1.0,-1.0,-1.0,-1.0,-1.0,-1.0,-1.0,-1.0,-1.0,-1.0,-1.0,-1.0,-1.0,-1.0,-1.0,-1.0,-1.0,-1.0,-1.0,-1.0,-1.0,-1.0,-1.0,-1.0,-1.0,-1.0,-1.0,-1.0,-1.0,-1.0,-1.0,-1.0,-1.0,-1.0,-1.0,-1.0,-1.0,-1.0,-1.0,-1.0
SEQ_000079_000028,Target,SEQ_000079,28,SUBJ_040310,Seated Straight,Hand at target location,Transition,Forehead - scratch,-0.43359375,8.54296875,-3.4921875,0.0908203125,0.14654541015625,-0.81005859375,-0.56036376953125,29.991050720214844,30.743484497070312,29.4223690032959,29.30994987487793,24.57078742980957,-1.0,243.0,-1.0,179.0,169.0,158.0,149.0,146.0,-1.0,-1.0,-1.0,194.0,178.0,167.0,154.0,150.0,-1.0,-1.0,-1.0,195.0,171.0,156.0,160.0,161.0,-1.0,244.0,241.0,175.0,155.0,145.0,143.0,151.0,-1.0,-1.0,-1.0,175.0,125.0,108.0,125.0,135.0,-1.0,-1.0,-1.0,98.0,81.0,82.0,85.0,89.0,-1.0,-1.0,-1.0,89.0,80.0,81.0,80.0,79.0,-1.0,-1.0,97.0,85.0,73.0,74.0,75.0,75.0,-1.0,-1.0,197.0,124.0,79.0,77.0,85.0,111.0,-1.0,-1.0,-1.0,89.0,81.0,79.0,76.0,85.0,-1.0,-1.0,-1.0,92.0,82.0,78.0,80.0,81.0,-1.0,-1.0,104.0,89.0,77.0,75.0,75.0,77.0,-1.0,-1.0,104.0,90.0,77.0,75.0,80.0,74.0,-1.0,-1.0,102.0,90.0,76.0,81.0,82.0,80.0,-1.0,-1.0,-1.0,85.0,71.0,75.0,85.0,86.0,-1.0,-1.0,-1.0,-1.0,71.0,86.0,91.0,93.0,129.0,145.0,-1.0,-1.0,-1.0,-1.0,-1.0,-1.0,129.0,152.0,171.0,-1.0,-1.0,-1.0,-1.0,-1.0,137.0,154.0,182.0,-1.0,-1.0,-1.0,-1.0,-1.0,148.0,171.0,192.0,-1.0,-1.0,-1.0,123.0,97.0,154.0,169.0,181.0,181.0,166.0,133.0,109.0,87.0,154.0,166.0,168.0,161.0,149.0,113.0,93.0,87.0,155.0,169.0,162.0,148.0,143.0,98.0,82.0,79.0,154.0,167.0,163.0,148.0,127.0,89.0,83.0,75.0,-1.0,-1.0,-1.0,209.0,185.0,178.0,156.0,118.0,-1.0,-1.0,220.0,208.0,195.0,182.0,161.0,143.0,-1.0,233.0,215.0,206.0,194.0,178.0,170.0,148.0,-1.0,-1.0,219.0,202.0,194.0,181.0,167.0,153.0,-1.0,-1.0,212.0,201.0,189.0,177.0,164.0,158.0,-1.0,-1.0,216.0,205.0,189.0,179.0,170.0,161.0,-1.0,-1.0,229.0,197.0,175.0,167.0,160.0,166.0,-1.0,-1.0,-1.0,176.0,153.0,144.0,139.0,150.0,156.0,167.0,180.0,177.0,167.0,173.0,101.0,97.0,176.0,194.0,216.0,242.0,-1.0,-1.0,-1.0,117.0,219.0,238.0,-1.0,-1.0,-1.0,-1.0,-1.0,-1.0,-1.0,-1.0,-1.0,-1.0,-1.0,-1.0,-1.0,-1.0,-1.0,-1.0,-1.0,-1.0,-1.0,-1.0,-1.0,-1.0,-1.0,-1.0,-1.0,-1.0,-1.0,-1.0,-1.0,-1.0,-1.0,-1.0,-1.0,-1.0,-1.0,-1.0,-1.0,-1.0,-1.0,-1.0,-1.0,-1.0,-1.0,-1.0,-1.0,-1.0
SEQ_000079_000029,Target,SEQ_000079,29,SUBJ_040310,Seated Straight,Hand at target location,Transition,Forehead - scratch,-0.43359375,9.46484375,-3.953125,0.0870361328125,0.14288330078125,-0.813232421875,-0.557373046875,29.930648803710938,30.2399959564209,29.42465591430664,29.212709426879883,24.52957344055176,-1.0,-1.0,-1.0,179.0,170.0,161.0,148.0,147.0,-1.0,-1.0,-1.0,194.0,187.0,174.0,158.0,154.0,-1.0,-1.0,-1.0,207.0,179.0,168.0,165.0,165.0,-1.0,-1.0,248.0,-1.0,168.0,155.0,149.0,153.0,-1.0,-1.0,-1.0,-1.0,110.0,101.0,113.0,130.0,-1.0,-1.0,-1.0,119.0,97.0,96.0,96.0,97.0,-1.0,-1.0,-1.0,111.0,89.0,91.0,90.0,89.0,-1.0,-1.0,109.0,95.0,81.0,79.0,79.0,78.0,-1.0,-1.0,-1.0,-1.0,-1.0,-1.0,-1.0,-1.0,-1.0,-1.0,-1.0,-1.0,-1.0,-1.0,-1.0,-1.0,-1.0,-1.0,-1.0,-1.0,-1.0,-1.0,-1.0,-1.0,-1.0,-1.0,-1.0,-1.0,-1.0,-1.0,-1.0,-1.0,-1.0,-1.0,-1.0,-1.0,-1.0,-1.0,-1.0,-1.0,-1.0,-1.0,-1.0,-1.0,-1.0,-1.0,-1.0,68.0,-1.0,-1.0,-1.0,-1.0,-1.0,-1.0,-1.0,-1.0,-1.0,-1.0,-1.0,-1.0,-1.0,-1.0,-1.0,-1.0,139.0,-1.0,-1.0,-1.0,-1.0,-1.0,-1.0,-1.0,136.0,161.0,-1.0,-1.0,-1.0,-1.0,-1.0,110.0,147.0,164.0,-1.0,-1.0,-1.0,-1.0,-1.0,-1.0,160.0,175.0,200.0,-1.0,-1.0,-1.0,116.0,95.0,163.0,180.0,188.0,179.0,171.0,122.0,104.0,87.0,161.0,170.0,174.0,156.0,150.0,107.0,97.0,83.0,163.0,171.0,166.0,156.0,127.0,99.0,87.0,77.0,164.0,173.0,168.0,153.0,107.0,86.0,82.0,77.0,-1.0,-1.0,-1.0,204.0,189.0,173.0,161.0,122.0,-1.0,-1.0,219.0,210.0,197.0,184.0,162.0,148.0,-1.0,235.0,218.0,208.0,199.0,180.0,170.0,150.0,-1.0,240.0,218.0,200.0,191.0,188.0,172.0,162.0,-1.0,-1.0,218.0,208.0,191.0,184.0,170.0,157.0,-1.0,-1.0,227.0,206.0,190.0,185.0,174.0,169.0,-1.0,-1.0,234.0,193.0,177.0,170.0,168.0,165.0,-1.0,-1.0,-1.0,184.0,156.0,146.0,139.0,146.0,158.0,169.0,184.0,187.0,175.0,146.0,96.0,98.0,180.0,197.0,221.0,-1.0,248.0,-1.0,-1.0,116.0,219.0,246.0,-1.0,-1.0,-1.0,-1.0,-1.0,-1.0,-1.0,-1.0,-1.0,-1.0,-1.0,-1.0,-1.0,-1.0,-1.0,-1.0,-1.0,-1.0,-1.0,-1.0,-1.0,-1.0,-1.0,-1.0,-1.0,-1.0,-1.0,-1.0,-1.0,-1.0,-1.0,-1.0,-1.0,-1.0,-1.0,-1.0,-1.0,-1.0,-1.0,-1.0,-1.0,-1.0,-1.0,-1.0,-1.0,-1.0
SEQ_000079_000030,Target,SEQ_000079,30,SUBJ_040310,Seated Straight,Hand at target location,Transition,Forehead - scratch,-0.2421875,9.23046875,-3.53125,0.08856201171875,0.14385986328125,-0.81195068359375,-0.55877685546875,29.95075035095215,30.43435478210449,29.444583892822266,29.324424743652344,24.397958755493164,-1.0,244.0,-1.0,182.0,171.0,164.0,152.0,152.0,-1.0,248.0,-1.0,204.0,187.0,176.0,159.0,155.0,-1.0,-1.0,-1.0,-1.0,176.0,162.0,165.0,168.0,-1.0,-1.0,-1.0,-1.0,162.0,150.0,147.0,151.0,-1.0,-1.0,-1.0,-1.0,104.0,96.0,108.0,120.0,-1.0,-1.0,-1.0,102.0,91.0,89.0,90.0,92.0,-1.0,-1.0,-1.0,103.0,87.0,83.0,86.0,83.0,-1.0,-1.0,107.0,89.0,75.0,74.0,72.0,74.0,-1.0,-1.0,-1.0,123.0,83.0,81.0,84.0,103.0,-1.0,-1.0,-1.0,98.0,86.0,85.0,83.0,86.0,-1.0,-1.0,-1.0,100.0,83.0,83.0,86.0,86.0,-1.0,-1.0,-1.0,95.0,82.0,81.0,80.0,80.0,-1.0,-1.0,-1.0,100.0,83.0,86.0,88.0,81.0,-1.0,-1.0,-1.0,88.0,72.0,80.0,85.0,74.0,-1.0,-1.0,-1.0,98.0,73.0,85.0,99.0,94.0,-1.0,-1.0,-1.0,-1.0,-1.0,96.0,99.0,99.0,138.0,-1.0,-1.0,-1.0,-1.0,-1.0,-1.0,-1.0,135.0,161.0,179.0,-1.0,-1.0,-1.0,-1.0,115.0,143.0,164.0,190.0,-1.0,-1.0,-1.0,-1.0,-1.0,157.0,174.0,195.0,200.0,-1.0,-1.0,124.0,97.0,159.0,177.0,185.0,181.0,168.0,124.0,107.0,88.0,160.0,170.0,173.0,161.0,154.0,112.0,97.0,85.0,160.0,171.0,163.0,151.0,134.0,97.0,89.0,79.0,158.0,171.0,164.0,149.0,121.0,87.0,81.0,74.0,-1.0,-1.0,-1.0,209.0,187.0,176.0,161.0,121.0,-1.0,-1.0,220.0,211.0,198.0,178.0,168.0,148.0,-1.0,230.0,227.0,207.0,199.0,175.0,172.0,150.0,-1.0,241.0,215.0,204.0,188.0,182.0,169.0,159.0,-1.0,-1.0,216.0,205.0,190.0,179.0,169.0,159.0,-1.0,249.0,224.0,208.0,192.0,181.0,173.0,165.0,-1.0,-1.0,229.0,202.0,183.0,169.0,162.0,167.0,-1.0,-1.0,-1.0,179.0,153.0,143.0,139.0,144.0,156.0,171.0,177.0,184.0,166.0,156.0,94.0,99.0,181.0,194.0,221.0,245.0,247.0,-1.0,-1.0,116.0,214.0,243.0,-1.0,-1.0,-1.0,-1.0,-1.0,-1.0,-1.0,-1.0,-1.0,-1.0,-1.0,-1.0,-1.0,-1.0,-1.0,-1.0,-1.0,-1.0,-1.0,-1.0,-1.0,-1.0,-1.0,-1.0,-1.0,-1.0,-1.0,-1.0,-1.0,-1.0,-1.0,-1.0,-1.0,-1.0,-1.0,-1.0,-1.0,-1.0,-1.0,-1.0,-1.0,-1.0,-1.0,-1.0,-1.0,-1.0
SEQ_000079_000031,Target,SEQ_000079,31,SUBJ_040310,Seated Straight,Hand at target location,Transition,Forehead - scratch,-0.3203125,9.19921875,-3.68359375,0.086669921875,0.14453125,-0.8133544921875,-0.5567626953125,29.93807029724121,30.36925506591797,29.42465591430664,29.30498504638672,24.56556701660156,-1.0,-1.0,-1.0,179.0,170.0,161.0,153.0,148.0,-1.0,-1.0,-1.0,205.0,184.0,177.0,161.0,156.0,-1.0,-1.0,-1.0,203.0,179.0,168.0,165.0,167.0,-1.0,243.0,-1.0,-1.0,166.0,155.0,146.0,156.0,-1.0,-1.0,-1.0,173.0,117.0,103.0,117.0,128.0,-1.0,-1.0,-1.0,117.0,95.0,95.0,92.0,96.0,-1.0,-1.0,-1.0,111.0,95.0,93.0,90.0,86.0,-1.0,-1.0,107.0,93.0,82.0,79.0,76.0,80.0,-1.0,-1.0,-1.0,-1.0,83.0,81.0,81.0,-1.0,-1.0,-1.0,-1.0,-1.0,90.0,85.0,85.0,87.0,-1.0,187.0,-1.0,-1.0,-1.0,83.0,86.0,84.0,-1.0,-1.0,-1.0,-1.0,81.0,82.0,77.0,79.0,-1.0,-1.0,-1.0,-1.0,85.0,85.0,89.0,81.0,-1.0,-1.0,-1.0,-1.0,73.0,78.0,88.0,73.0,-1.0,-1.0,-1.0,-1.0,76.0,-1.0,-1.0,90.0,-1.0,-1.0,-1.0,-1.0,-1.0,-1.0,-1.0,-1.0,135.0,-1.0,-1.0,-1.0,-1.0,-1.0,-1.0,-1.0,131.0,155.0,174.0,-1.0,-1.0,-1.0,-1.0,114.0,141.0,157.0,190.0,-1.0,-1.0,-1.0,-1.0,-1.0,152.0,175.0,195.0,-1.0,-1.0,-1.0,118.0,97.0,157.0,174.0,186.0,181.0,169.0,127.0,106.0,88.0,158.0,168.0,174.0,159.0,155.0,112.0,93.0,86.0,158.0,171.0,162.0,151.0,135.0,98.0,88.0,79.0,157.0,169.0,161.0,149.0,119.0,85.0,83.0,77.0,-1.0,-1.0,-1.0,204.0,190.0,172.0,157.0,120.0,-1.0,-1.0,218.0,209.0,194.0,182.0,161.0,146.0,-1.0,229.0,209.0,202.0,201.0,176.0,169.0,152.0,-1.0,236.0,214.0,204.0,191.0,187.0,170.0,159.0,-1.0,-1.0,217.0,200.0,191.0,177.0,166.0,156.0,-1.0,-1.0,212.0,199.0,187.0,182.0,167.0,166.0,-1.0,-1.0,231.0,203.0,175.0,168.0,164.0,167.0,-1.0,-1.0,-1.0,177.0,152.0,145.0,136.0,149.0,156.0,163.0,178.0,177.0,174.0,155.0,100.0,95.0,177.0,192.0,219.0,237.0,-1.0,-1.0,-1.0,118.0,216.0,248.0,249.0,-1.0,-1.0,-1.0,-1.0,-1.0,-1.0,-1.0,-1.0,-1.0,-1.0,-1.0,-1.0,-1.0,-1.0,-1.0,-1.0,-1.0,-1.0,-1.0,-1.0,-1.0,-1.0,-1.0,-1.0,-1.0,-1.0,-1.0,-1.0,-1.0,-1.0,-1.0,-1.0,-1.0,-1.0,-1.0,-1.0,-1.0,-1.0,-1.0,-1.0,-1.0,-1.0,-1.0,-1.0,-1.0
SEQ_000079_000032,Target,SEQ_000079,32,SUBJ_040310,Seated Straight,Hand at target location,Transition,Forehead - scratch,-0.2421875,9.3828125,-3.5703125,0.08587646484375,0.1439208984375,-0.814208984375,-0.555908203125,30.00589179992676,30.35660743713379,29.4593505859375,29.38505172729492,24.544960021972656,-1.0,-1.0,-1.0,181.0,171.0,158.0,151.0,146.0,-1.0,-1.0,-1.0,196.0,182.0,170.0,157.0,152.0,-1.0,-1.0,-1.0,201.0,178.0,168.0,167.0,163.0,-1.0,248.0,-1.0,-1.0,166.0,154.0,148.0,154.0,-1.0,-1.0,-1.0,167.0,116.0,103.0,122.0,131.0,-1.0,-1.0,-1.0,106.0,94.0,96.0,94.0,96.0,-1.0,-1.0,-1.0,104.0,91.0,88.0,90.0,87.0,-1.0,-1.0,109.0,95.0,79.0,78.0,77.0,79.0,-1.0,-1.0,200.0,136.0,88.0,83.0,86.0,113.0,-1.0,-1.0,-1.0,108.0,89.0,87.0,83.0,87.0,-1.0,-1.0,-1.0,103.0,85.0,85.0,89.0,87.0,-1.0,-1.0,-1.0,98.0,82.0,85.0,81.0,85.0,-1.0,-1.0,-1.0,98.0,83.0,86.0,88.0,81.0,-1.0,-1.0,-1.0,89.0,73.0,82.0,87.0,78.0,-1.0,-1.0,-1.0,-1.0,75.0,89.0,97.0,89.0,-1.0,-1.0,-1.0,-1.0,-1.0,97.0,101.0,94.0,131.0,147.0,-1.0,-1.0,-1.0,-1.0,-1.0,-1.0,131.0,156.0,176.0,-1.0,-1.0,-1.0,-1.0,107.0,140.0,156.0,189.0,-1.0,-1.0,-1.0,-1.0,-1.0,154.0,174.0,193.0,200.0,-1.0,-1.0,122.0,97.0,158.0,173.0,183.0,182.0,168.0,132.0,105.0,88.0,157.0,167.0,169.0,158.0,161.0,112.0,95.0,85.0,156.0,168.0,161.0,151.0,138.0,100.0,89.0,81.0,157.0,168.0,163.0,147.0,121.0,84.0,84.0,79.0,-1.0,-1.0,-1.0,204.0,188.0,179.0,159.0,120.0,-1.0,-1.0,216.0,209.0,195.0,179.0,165.0,147.0,-1.0,231.0,220.0,207.0,205.0,183.0,169.0,149.0,-1.0,244.0,212.0,196.0,191.0,183.0,167.0,158.0,-1.0,-1.0,213.0,206.0,185.0,182.0,169.0,159.0,-1.0,-1.0,224.0,204.0,190.0,181.0,171.0,166.0,-1.0,-1.0,230.0,202.0,182.0,166.0,161.0,170.0,-1.0,-1.0,-1.0,179.0,157.0,145.0,141.0,150.0,154.0,167.0,175.0,178.0,169.0,158.0,96.0,95.0,176.0,190.0,212.0,236.0,-1.0,-1.0,-1.0,117.0,215.0,239.0,-1.0,-1.0,-1.0,-1.0,-1.0,-1.0,-1.0,-1.0,-1.0,-1.0,-1.0,-1.0,-1.0,-1.0,-1.0,-1.0,-1.0,-1.0,-1.0,-1.0,-1.0,-1.0,-1.0,-1.0,-1.0,-1.0,-1.0,-1.0,-1.0,-1.0,-1.0,-1.0,-1.0,-1.0,-1.0,-1.0,-1.0,-1.0,-1.0,-1.0,-1.0,-1.0,-1.0,-1.0,-1.0,-1.0
SEQ_000079_000033,Target,SEQ_000079,33,SUBJ_040310,Seated Straight,Hand at target location,Transition,Forehead - scratch,-0.2421875,9.34375,-3.72265625,0.08477783203125,0.14288330078125,-0.8148193359375,-0.55535888671875,29.925500869750977,30.27157592773437,29.4865951538086,29.40447807312012,24.60676956176757,-1.0,-1.0,-1.0,181.0,170.0,161.0,150.0,145.0,-1.0,-1.0,-1.0,199.0,181.0,170.0,160.0,155.0,-1.0,-1.0,-1.0,206.0,181.0,166.0,163.0,163.0,-1.0,245.0,-1.0,-1.0,167.0,160.0,150.0,157.0,-1.0,-1.0,-1.0,172.0,119.0,106.0,123.0,132.0,-1.0,-1.0,-1.0,116.0,95.0,97.0,95.0,100.0,-1.0,-1.0,-1.0,106.0,96.0,89.0,93.0,86.0,-1.0,-1.0,111.0,96.0,80.0,82.0,77.0,80.0,-1.0,-1.0,-1.0,-1.0,88.0,83.0,86.0,-1.0,-1.0,-1.0,-1.0,-1.0,89.0,86.0,85.0,89.0,-1.0,-1.0,-1.0,-1.0,-1.0,84.0,86.0,88.0,-1.0,-1.0,-1.0,-1.0,86.0,84.0,81.0,84.0,-1.0,-1.0,-1.0,-1.0,87.0,83.0,89.0,82.0,-1.0,-1.0,-1.0,-1.0,73.0,83.0,89.0,73.0,-1.0,-1.0,-1.0,-1.0,75.0,-1.0,-1.0,89.0,-1.0,-1.0,-1.0,-1.0,-1.0,-1.0,-1.0,-1.0,134.0,147.0,-1.0,-1.0,-1.0,-1.0,-1.0,-1.0,131.0,155.0,172.0,-1.0,-1.0,-1.0,-1.0,111.0,141.0,156.0,188.0,-1.0,-1.0,-1.0,-1.0,-1.0,151.0,171.0,194.0,-1.0,-1.0,-1.0,122.0,97.0,157.0,172.0,182.0,177.0,164.0,125.0,109.0,85.0,158.0,169.0,171.0,160.0,155.0,113.0,96.0,85.0,159.0,167.0,165.0,148.0,133.0,97.0,87.0,78.0,156.0,168.0,159.0,149.0,118.0,85.0,82.0,78.0,-1.0,-1.0,-1.0,200.0,184.0,174.0,160.0,118.0,-1.0,-1.0,222.0,204.0,193.0,178.0,164.0,145.0,-1.0,232.0,217.0,201.0,193.0,181.0,171.0,149.0,-1.0,-1.0,209.0,205.0,187.0,185.0,167.0,155.0,-1.0,-1.0,211.0,194.0,187.0,182.0,170.0,154.0,-1.0,-1.0,220.0,211.0,186.0,182.0,171.0,163.0,-1.0,-1.0,225.0,204.0,178.0,165.0,161.0,168.0,-1.0,-1.0,-1.0,183.0,150.0,148.0,140.0,151.0,153.0,166.0,175.0,177.0,169.0,160.0,97.0,97.0,175.0,190.0,212.0,238.0,-1.0,-1.0,-1.0,118.0,210.0,234.0,-1.0,-1.0,-1.0,-1.0,-1.0,-1.0,-1.0,-1.0,-1.0,-1.0,-1.0,-1.0,-1.0,-1.0,-1.0,-1.0,-1.0,-1.0,-1.0,-1.0,-1.0,-1.0,-1.0,-1.0,-1.0,-1.0,-1.0,-1.0,-1.0,-1.0,-1.0,-1.0,-1.0,-1.0,-1.0,-1.0,-1.0,-1.0,-1.0,-1.0,-1.0,-1.0,-1.0,-1.0,-1.0,-1.0
SEQ_000079_000034,Target,SEQ_000079,34,SUBJ_040310,Seated Straight,Hand at target location,Transition,Forehead - scratch,-0.2421875,9.3046875,-3.68359375,0.08453369140625,0.1412353515625,-0.8150634765625,-0.55548095703125,29.912818908691406,30.29884910583496,29.466672897338867,29.34619331359864,24.580951690673828,-1.0,-1.0,-1.0,183.0,168.0,161.0,152.0,151.0,-1.0,-1.0,-1.0,196.0,180.0,173.0,157.0,153.0,-1.0,-1.0,-1.0,197.0,177.0,165.0,166.0,165.0,-1.0,247.0,-1.0,-1.0,165.0,164.0,150.0,157.0,-1.0,-1.0,-1.0,-1.0,113.0,103.0,124.0,138.0,-1.0,-1.0,-1.0,109.0,95.0,93.0,94.0,99.0,-1.0,-1.0,-1.0,110.0,93.0,89.0,90.0,87.0,-1.0,-1.0,110.0,95.0,81.0,78.0,79.0,80.0,-1.0,-1.0,197.0,-1.0,87.0,84.0,87.0,113.0,-1.0,-1.0,-1.0,-1.0,90.0,87.0,84.0,89.0,-1.0,-1.0,-1.0,-1.0,86.0,85.0,90.0,86.0,-1.0,-1.0,-1.0,-1.0,81.0,81.0,83.0,85.0,-1.0,-1.0,-1.0,94.0,82.0,84.0,90.0,80.0,-1.0,-1.0,-1.0,-1.0,72.0,78.0,88.0,77.0,-1.0,-1.0,-1.0,-1.0,81.0,88.0,98.0,89.0,-1.0,-1.0,-1.0,-1.0,-1.0,-1.0,-1.0,-1.0,132.0,150.0,-1.0,-1.0,-1.0,-1.0,-1.0,-1.0,129.0,156.0,173.0,-1.0,-1.0,-1.0,-1.0,113.0,141.0,155.0,187.0,-1.0,-1.0,-1.0,-1.0,-1.0,151.0,174.0,193.0,206.0,-1.0,-1.0,118.0,95.0,157.0,174.0,182.0,178.0,163.0,129.0,104.0,88.0,155.0,167.0,171.0,160.0,156.0,110.0,96.0,85.0,156.0,170.0,165.0,153.0,137.0,97.0,88.0,77.0,153.0,168.0,167.0,149.0,116.0,87.0,82.0,74.0,-1.0,-1.0,-1.0,203.0,186.0,172.0,156.0,123.0,-1.0,-1.0,214.0,208.0,193.0,181.0,161.0,145.0,-1.0,232.0,215.0,210.0,198.0,180.0,171.0,149.0,-1.0,234.0,215.0,205.0,192.0,183.0,167.0,159.0,-1.0,-1.0,211.0,195.0,187.0,179.0,167.0,157.0,-1.0,-1.0,220.0,198.0,189.0,179.0,168.0,166.0,-1.0,-1.0,228.0,196.0,179.0,169.0,165.0,166.0,-1.0,-1.0,-1.0,178.0,160.0,150.0,142.0,153.0,158.0,167.0,182.0,184.0,171.0,160.0,101.0,106.0,177.0,195.0,218.0,245.0,-1.0,-1.0,-1.0,119.0,214.0,237.0,-1.0,-1.0,-1.0,-1.0,-1.0,-1.0,-1.0,-1.0,-1.0,-1.0,-1.0,-1.0,-1.0,-1.0,-1.0,-1.0,-1.0,-1.0,-1.0,-1.0,-1.0,-1.0,-1.0,-1.0,-1.0,-1.0,-1.0,-1.0,-1.0,-1.0,-1.0,-1.0,-1.0,-1.0,-1.0,-1.0,-1.0,-1.0,-1.0,-1.0,-1.0,-1.0,-1.0,-1.0,-1.0,-1.0
SEQ_000079_000035,Target,SEQ_000079,35,SUBJ_040310,Seated Straight,Performs gesture,Gesture,Forehead - scratch,-0.203125,9.2265625,-3.72265625,0.084228515625,0.14215087890625,-0.81561279296875,-0.55450439453125,29.927892684936523,30.29884910583496,29.354398727416992,29.35337257385254,24.59368896484375,-1.0,-1.0,-1.0,177.0,168.0,158.0,150.0,146.0,-1.0,248.0,-1.0,195.0,183.0,170.0,154.0,152.0,-1.0,-1.0,-1.0,202.0,181.0,166.0,165.0,166.0,-1.0,-1.0,247.0,-1.0,166.0,151.0,154.0,155.0,-1.0,-1.0,-1.0,-1.0,112.0,104.0,121.0,130.0,-1.0,-1.0,-1.0,116.0,97.0,93.0,94.0,97.0,-1.0,-1.0,-1.0,104.0,89.0,86.0,87.0,86.0,-1.0,-1.0,107.0,94.0,78.0,79.0,76.0,77.0,-1.0,-1.0,-1.0,-1.0,85.0,82.0,84.0,-1.0,-1.0,-1.0,-1.0,-1.0,91.0,86.0,83.0,88.0,-1.0,-1.0,-1.0,-1.0,83.0,83.0,88.0,88.0,-1.0,-1.0,-1.0,-1.0,82.0,82.0,81.0,79.0,-1.0,-1.0,-1.0,-1.0,79.0,86.0,86.0,82.0,-1.0,-1.0,-1.0,-1.0,73.0,80.0,88.0,72.0,-1.0,-1.0,-1.0,-1.0,75.0,-1.0,-1.0,91.0,-1.0,-1.0,-1.0,-1.0,-1.0,-1.0,-1.0,-1.0,130.0,152.0,-1.0,-1.0,-1.0,-1.0,-1.0,-1.0,129.0,154.0,174.0,-1.0,-1.0,-1.0,-1.0,114.0,140.0,159.0,193.0,-1.0,-1.0,-1.0,-1.0,-1.0,155.0,177.0,193.0,-1.0,-1.0,-1.0,118.0,96.0,156.0,173.0,185.0,179.0,168.0,127.0,107.0,86.0,157.0,165.0,174.0,162.0,155.0,113.0,95.0,85.0,157.0,167.0,164.0,149.0,133.0,97.0,87.0,80.0,153.0,168.0,161.0,153.0,118.0,88.0,81.0,82.0,-1.0,-1.0,-1.0,202.0,185.0,173.0,157.0,122.0,-1.0,-1.0,219.0,206.0,192.0,177.0,162.0,146.0,-1.0,231.0,215.0,209.0,199.0,181.0,167.0,151.0,-1.0,237.0,207.0,206.0,190.0,182.0,165.0,158.0,-1.0,-1.0,215.0,200.0,184.0,181.0,165.0,156.0,-1.0,-1.0,218.0,206.0,186.0,183.0,168.0,165.0,-1.0,-1.0,231.0,199.0,181.0,168.0,165.0,170.0,-1.0,-1.0,-1.0,186.0,158.0,147.0,143.0,150.0,155.0,168.0,182.0,180.0,169.0,170.0,98.0,99.0,175.0,196.0,215.0,240.0,-1.0,-1.0,-1.0,123.0,214.0,243.0,-1.0,-1.0,-1.0,-1.0,-1.0,-1.0,-1.0,-1.0,-1.0,-1.0,-1.0,-1.0,-1.0,-1.0,-1.0,-1.0,-1.0,-1.0,-1.0,-1.0,-1.0,-1.0,-1.0,-1.0,-1.0,-1.0,-1.0,-1.0,-1.0,-1.0,-1.0,-1.0,-1.0,-1.0,-1.0,-1.0,-1.0,-1.0,-1.0,-1.0,-1.0,-1.0,-1.0,-1.0,-1.0,-1.0
SEQ_000079_000036,Target,SEQ_000079,36,SUBJ_040310,Seated Straight,Performs gesture,Gesture,Forehead - scratch,-0.28125,8.84765625,-3.30078125,0.08587646484375,0.1402587890625,-0.81793212890625,-0.55133056640625,29.895103454589844,30.408037185668945,29.32929420471192,29.326641082763672,24.51912879943848,-1.0,-1.0,-1.0,178.0,168.0,158.0,149.0,140.0,-1.0,-1.0,-1.0,195.0,178.0,169.0,158.0,151.0,-1.0,-1.0,-1.0,-1.0,178.0,166.0,159.0,161.0,-1.0,238.0,246.0,-1.0,164.0,150.0,145.0,145.0,-1.0,-1.0,-1.0,-1.0,111.0,98.0,106.0,120.0,-1.0,-1.0,-1.0,111.0,93.0,94.0,91.0,94.0,-1.0,-1.0,-1.0,108.0,88.0,84.0,86.0,83.0,-1.0,-1.0,-1.0,93.0,78.0,73.0,75.0,75.0,-1.0,-1.0,182.0,-1.0,-1.0,77.0,-1.0,-1.0,-1.0,-1.0,-1.0,-1.0,-1.0,-1.0,80.0,81.0,-1.0,-1.0,-1.0,-1.0,-1.0,-1.0,-1.0,82.0,-1.0,-1.0,-1.0,-1.0,-1.0,76.0,75.0,76.0,-1.0,-1.0,-1.0,-1.0,-1.0,-1.0,82.0,78.0,-1.0,-1.0,-1.0,-1.0,67.0,73.0,-1.0,73.0,-1.0,-1.0,-1.0,-1.0,-1.0,-1.0,-1.0,-1.0,-1.0,-1.0,-1.0,-1.0,-1.0,-1.0,-1.0,-1.0,134.0,152.0,-1.0,-1.0,-1.0,-1.0,-1.0,-1.0,132.0,159.0,172.0,-1.0,-1.0,-1.0,-1.0,119.0,142.0,159.0,187.0,-1.0,-1.0,-1.0,-1.0,-1.0,150.0,176.0,193.0,200.0,-1.0,-1.0,119.0,95.0,156.0,172.0,185.0,183.0,166.0,128.0,109.0,86.0,152.0,168.0,171.0,157.0,152.0,110.0,94.0,85.0,157.0,167.0,163.0,151.0,138.0,98.0,88.0,81.0,159.0,173.0,164.0,152.0,121.0,89.0,84.0,77.0,-1.0,-1.0,-1.0,209.0,184.0,177.0,161.0,123.0,-1.0,-1.0,216.0,207.0,192.0,182.0,165.0,145.0,-1.0,228.0,209.0,207.0,196.0,182.0,167.0,152.0,-1.0,233.0,211.0,200.0,190.0,180.0,166.0,156.0,-1.0,242.0,210.0,199.0,185.0,179.0,163.0,154.0,-1.0,245.0,213.0,202.0,189.0,178.0,171.0,164.0,-1.0,-1.0,219.0,204.0,177.0,166.0,159.0,161.0,-1.0,-1.0,-1.0,190.0,154.0,143.0,136.0,143.0,154.0,170.0,180.0,189.0,168.0,162.0,104.0,95.0,177.0,191.0,217.0,247.0,-1.0,-1.0,-1.0,124.0,218.0,244.0,-1.0,-1.0,-1.0,-1.0,-1.0,-1.0,-1.0,-1.0,-1.0,-1.0,-1.0,-1.0,-1.0,-1.0,-1.0,-1.0,-1.0,-1.0,-1.0,-1.0,-1.0,-1.0,-1.0,-1.0,-1.0,-1.0,-1.0,-1.0,-1.0,-1.0,-1.0,-1.0,-1.0,-1.0,-1.0,-1.0,-1.0,-1.0,-1.0,-1.0,-1.0,-1.0,-1.0,-1.0,-1.0,-1.0
SEQ_000079_000037,Target,SEQ_000079,37,SUBJ_040310,Seated Straight,Performs gesture,Gesture,Forehead - scratch,-0.3203125,10.0703125,-4.41015625,0.12310791015625,0.16192626953125,-0.815673828125,-0.5416259765625,30.02312469482422,30.515079498291016,29.57082748413086,29.418943405151367,24.691770553588867,-1.0,-1.0,181.0,164.0,157.0,152.0,141.0,136.0,-1.0,231.0,195.0,182.0,168.0,158.0,148.0,143.0,-1.0,236.0,-1.0,188.0,170.0,158.0,156.0,156.0,-1.0,247.0,233.0,-1.0,159.0,150.0,141.0,150.0,-1.0,-1.0,-1.0,171.0,150.0,130.0,137.0,135.0,-1.0,-1.0,-1.0,115.0,89.0,89.0,91.0,96.0,-1.0,-1.0,-1.0,95.0,85.0,81.0,83.0,83.0,-1.0,-1.0,-1.0,89.0,76.0,78.0,76.0,74.0,-1.0,204.0,220.0,147.0,108.0,104.0,116.0,115.0,-1.0,-1.0,-1.0,97.0,79.0,80.0,79.0,87.0,-1.0,-1.0,-1.0,91.0,79.0,80.0,80.0,83.0,-1.0,-1.0,-1.0,91.0,76.0,83.0,77.0,76.0,-1.0,-1.0,-1.0,82.0,74.0,77.0,77.0,75.0,-1.0,-1.0,-1.0,89.0,77.0,82.0,77.0,72.0,-1.0,-1.0,-1.0,76.0,78.0,74.0,79.0,75.0,-1.0,-1.0,-1.0,69.0,71.0,83.0,83.0,82.0,134.0,-1.0,-1.0,-1.0,-1.0,-1.0,-1.0,-1.0,133.0,155.0,176.0,-1.0,-1.0,-1.0,-1.0,106.0,143.0,154.0,190.0,-1.0,-1.0,-1.0,-1.0,109.0,153.0,168.0,196.0,-1.0,164.0,-1.0,107.0,86.0,155.0,168.0,178.0,173.0,159.0,115.0,97.0,81.0,154.0,163.0,167.0,153.0,151.0,103.0,89.0,80.0,154.0,166.0,159.0,147.0,131.0,90.0,80.0,76.0,154.0,163.0,162.0,146.0,115.0,83.0,78.0,74.0,-1.0,-1.0,-1.0,183.0,171.0,162.0,147.0,119.0,-1.0,212.0,195.0,188.0,177.0,167.0,156.0,138.0,-1.0,202.0,200.0,190.0,180.0,168.0,161.0,144.0,-1.0,210.0,191.0,184.0,178.0,169.0,156.0,149.0,-1.0,208.0,193.0,183.0,173.0,168.0,155.0,148.0,-1.0,215.0,195.0,187.0,175.0,167.0,157.0,151.0,-1.0,224.0,199.0,184.0,169.0,163.0,160.0,157.0,-1.0,-1.0,205.0,172.0,150.0,144.0,142.0,146.0,144.0,154.0,164.0,170.0,161.0,174.0,113.0,88.0,163.0,180.0,196.0,215.0,237.0,-1.0,-1.0,-1.0,191.0,206.0,233.0,246.0,-1.0,-1.0,-1.0,-1.0,234.0,-1.0,-1.0,-1.0,-1.0,-1.0,-1.0,-1.0,-1.0,-1.0,-1.0,-1.0,-1.0,-1.0,-1.0,-1.0,-1.0,-1.0,-1.0,-1.0,-1.0,-1.0,-1.0,-1.0,-1.0,-1.0,-1.0,-1.0,-1.0,-1.0,-1.0,-1.0,-1.0,-1.0,-1.0,-1.0,-1.0,-1.0,-1.0,-1.0
SEQ_000079_000038,Target,SEQ_000079,38,SUBJ_040310,Seated Straight,Performs gesture,Gesture,Forehead - scratch,1.0234375,8.15625,-3.53125,0.16717529296875,0.201904296875,-0.81195068359375,-0.521484375,29.9050407409668,30.78843879699707,29.53089141845703,29.62510299682617,24.971704483032227,-1.0,-1.0,182.0,167.0,156.0,152.0,141.0,143.0,-1.0,-1.0,187.0,180.0,172.0,166.0,154.0,149.0,-1.0,-1.0,-1.0,185.0,166.0,157.0,154.0,159.0,-1.0,-1.0,-1.0,179.0,154.0,147.0,138.0,135.0,-1.0,-1.0,-1.0,158.0,133.0,115.0,126.0,125.0,-1.0,-1.0,-1.0,94.0,89.0,91.0,90.0,90.0,-1.0,-1.0,-1.0,90.0,87.0,86.0,82.0,80.0,-1.0,-1.0,-1.0,85.0,80.0,78.0,77.0,74.0,-1.0,206.0,189.0,108.0,76.0,74.0,83.0,99.0,-1.0,-1.0,-1.0,83.0,78.0,76.0,75.0,74.0,-1.0,-1.0,-1.0,84.0,77.0,77.0,75.0,76.0,-1.0,-1.0,-1.0,77.0,71.0,71.0,73.0,70.0,-1.0,-1.0,-1.0,77.0,73.0,74.0,71.0,69.0,-1.0,-1.0,-1.0,79.0,75.0,77.0,73.0,68.0,-1.0,-1.0,78.0,67.0,72.0,76.0,75.0,74.0,-1.0,-1.0,-1.0,72.0,76.0,84.0,82.0,75.0,130.0,-1.0,-1.0,-1.0,-1.0,-1.0,-1.0,-1.0,128.0,150.0,173.0,-1.0,-1.0,-1.0,-1.0,-1.0,137.0,153.0,179.0,-1.0,-1.0,-1.0,-1.0,-1.0,148.0,166.0,189.0,-1.0,-1.0,-1.0,130.0,97.0,149.0,162.0,171.0,179.0,159.0,146.0,108.0,89.0,147.0,158.0,166.0,160.0,152.0,129.0,94.0,80.0,146.0,157.0,156.0,151.0,143.0,117.0,84.0,79.0,144.0,157.0,157.0,149.0,146.0,102.0,79.0,80.0,-1.0,-1.0,202.0,187.0,173.0,169.0,146.0,119.0,-1.0,195.0,192.0,185.0,174.0,167.0,156.0,134.0,210.0,200.0,191.0,187.0,177.0,166.0,158.0,145.0,-1.0,199.0,186.0,179.0,175.0,171.0,158.0,147.0,239.0,200.0,187.0,178.0,169.0,165.0,157.0,148.0,-1.0,198.0,186.0,178.0,176.0,169.0,167.0,157.0,-1.0,216.0,189.0,179.0,162.0,151.0,152.0,156.0,-1.0,218.0,205.0,164.0,145.0,132.0,131.0,133.0,139.0,152.0,159.0,161.0,147.0,152.0,84.0,78.0,161.0,170.0,189.0,202.0,225.0,-1.0,-1.0,108.0,185.0,200.0,216.0,242.0,-1.0,-1.0,-1.0,-1.0,217.0,244.0,-1.0,-1.0,-1.0,-1.0,-1.0,-1.0,-1.0,-1.0,-1.0,-1.0,-1.0,-1.0,-1.0,-1.0,-1.0,-1.0,-1.0,-1.0,-1.0,-1.0,-1.0,-1.0,-1.0,-1.0,-1.0,-1.0,-1.0,-1.0,-1.0,-1.0,-1.0,-1.0,-1.0,-1.0,-1.0,-1.0,-1.0,-1.0
SEQ_000079_000039,Target,SEQ_000079,39,SUBJ_040310,Seated Straight,Performs gesture,Gesture,Forehead - scratch,1.0625,10.53125,-4.52734375,0.2032470703125,0.21881103515625,-0.80596923828125,-0.51116943359375,30.293865203857425,31.08619880676269,29.61794853210449,29.683244705200195,25.32016944885254,-1.0,177.0,166.0,152.0,149.0,141.0,137.0,137.0,228.0,-1.0,173.0,168.0,160.0,156.0,144.0,142.0,226.0,-1.0,184.0,173.0,162.0,151.0,149.0,151.0,228.0,-1.0,-1.0,178.0,152.0,141.0,133.0,131.0,225.0,-1.0,-1.0,153.0,150.0,131.0,133.0,131.0,-1.0,-1.0,-1.0,134.0,109.0,112.0,106.0,108.0,-1.0,-1.0,101.0,89.0,87.0,88.0,87.0,84.0,-1.0,-1.0,92.0,85.0,80.0,81.0,77.0,75.0,190.0,209.0,202.0,145.0,139.0,119.0,111.0,111.0,-1.0,-1.0,-1.0,98.0,95.0,93.0,86.0,97.0,-1.0,-1.0,101.0,90.0,88.0,86.0,85.0,84.0,-1.0,-1.0,-1.0,93.0,91.0,84.0,82.0,83.0,-1.0,-1.0,-1.0,89.0,90.0,82.0,80.0,79.0,-1.0,-1.0,95.0,93.0,86.0,82.0,79.0,75.0,-1.0,-1.0,95.0,93.0,93.0,84.0,78.0,77.0,140.0,-1.0,89.0,97.0,98.0,90.0,77.0,81.0,132.0,-1.0,-1.0,-1.0,-1.0,-1.0,-1.0,-1.0,133.0,156.0,-1.0,-1.0,-1.0,-1.0,-1.0,-1.0,138.0,156.0,-1.0,-1.0,-1.0,-1.0,-1.0,103.0,147.0,163.0,179.0,-1.0,158.0,149.0,113.0,86.0,146.0,161.0,172.0,165.0,149.0,135.0,98.0,80.0,144.0,154.0,155.0,143.0,141.0,119.0,86.0,78.0,142.0,151.0,145.0,133.0,134.0,109.0,81.0,72.0,138.0,147.0,145.0,135.0,133.0,98.0,75.0,74.0,-1.0,-1.0,188.0,173.0,164.0,159.0,146.0,117.0,-1.0,185.0,182.0,175.0,169.0,154.0,153.0,138.0,193.0,182.0,179.0,178.0,169.0,157.0,151.0,139.0,201.0,186.0,176.0,170.0,168.0,164.0,150.0,141.0,219.0,188.0,178.0,168.0,158.0,161.0,148.0,140.0,209.0,192.0,177.0,173.0,164.0,157.0,155.0,149.0,211.0,195.0,178.0,168.0,158.0,147.0,145.0,148.0,-1.0,204.0,187.0,162.0,142.0,132.0,127.0,129.0,133.0,143.0,155.0,160.0,158.0,149.0,106.0,82.0,150.0,167.0,179.0,195.0,222.0,-1.0,-1.0,99.0,177.0,192.0,208.0,222.0,243.0,-1.0,-1.0,-1.0,198.0,227.0,241.0,249.0,-1.0,-1.0,-1.0,-1.0,-1.0,-1.0,-1.0,-1.0,-1.0,-1.0,-1.0,-1.0,-1.0,-1.0,-1.0,-1.0,-1.0,-1.0,-1.0,-1.0,-1.0,-1.0,229.0,-1.0,-1.0,-1.0,-1.0,-1.0,-1.0,-1.0,-1.0,-1.0,-1.0,-1.0,-1.0,-1.0
SEQ_000079_000040,Target,SEQ_000079,40,SUBJ_040310,Seated Straight,Performs gesture,Gesture,Forehead - scratch,1.328125,7.16796875,-3.76171875,0.2069091796875,0.2314453125,-0.8114013671875,-0.4952392578125,30.108339309692383,30.808313369750977,29.73213195800781,29.74862098693848,25.43511009216309,-1.0,-1.0,167.0,155.0,149.0,144.0,138.0,140.0,-1.0,-1.0,173.0,170.0,162.0,155.0,145.0,145.0,-1.0,-1.0,184.0,173.0,158.0,144.0,140.0,145.0,-1.0,-1.0,-1.0,-1.0,142.0,139.0,134.0,123.0,-1.0,-1.0,-1.0,155.0,-1.0,128.0,120.0,119.0,-1.0,-1.0,-1.0,112.0,98.0,100.0,97.0,102.0,-1.0,-1.0,97.0,91.0,86.0,88.0,81.0,80.0,-1.0,-1.0,91.0,84.0,79.0,77.0,71.0,74.0,178.0,210.0,190.0,136.0,-1.0,103.0,98.0,104.0,-1.0,-1.0,96.0,90.0,86.0,83.0,81.0,90.0,-1.0,-1.0,97.0,86.0,83.0,83.0,80.0,79.0,-1.0,-1.0,97.0,91.0,82.0,77.0,75.0,76.0,-1.0,-1.0,91.0,86.0,75.0,75.0,75.0,73.0,-1.0,-1.0,93.0,89.0,77.0,77.0,73.0,70.0,-1.0,-1.0,88.0,91.0,84.0,77.0,75.0,73.0,-1.0,-1.0,94.0,98.0,-1.0,75.0,73.0,73.0,136.0,-1.0,-1.0,-1.0,-1.0,-1.0,-1.0,-1.0,132.0,159.0,-1.0,-1.0,-1.0,-1.0,-1.0,112.0,141.0,159.0,-1.0,-1.0,-1.0,-1.0,135.0,102.0,150.0,165.0,185.0,-1.0,160.0,144.0,127.0,95.0,149.0,163.0,167.0,152.0,145.0,136.0,113.0,88.0,139.0,157.0,150.0,137.0,141.0,123.0,99.0,81.0,140.0,152.0,144.0,134.0,138.0,119.0,87.0,75.0,137.0,151.0,144.0,135.0,137.0,111.0,86.0,76.0,-1.0,-1.0,193.0,185.0,170.0,165.0,142.0,118.0,-1.0,189.0,183.0,177.0,173.0,162.0,159.0,136.0,198.0,192.0,185.0,184.0,178.0,166.0,153.0,145.0,217.0,188.0,187.0,172.0,167.0,165.0,152.0,145.0,222.0,189.0,180.0,168.0,160.0,160.0,150.0,145.0,214.0,187.0,181.0,174.0,166.0,156.0,158.0,149.0,213.0,199.0,182.0,169.0,156.0,147.0,145.0,148.0,-1.0,199.0,190.0,160.0,137.0,130.0,119.0,124.0,132.0,145.0,153.0,157.0,151.0,149.0,91.0,81.0,151.0,163.0,176.0,193.0,208.0,-1.0,113.0,92.0,177.0,194.0,210.0,220.0,231.0,-1.0,-1.0,-1.0,201.0,223.0,228.0,-1.0,-1.0,-1.0,-1.0,-1.0,-1.0,-1.0,-1.0,-1.0,-1.0,-1.0,-1.0,-1.0,-1.0,-1.0,-1.0,-1.0,-1.0,-1.0,-1.0,-1.0,-1.0,-1.0,-1.0,-1.0,-1.0,-1.0,-1.0,-1.0,-1.0,-1.0,-1.0,-1.0,-1.0,-1.0,-1.0,-1.0
SEQ_000079_000041,Target,SEQ_000079,41,SUBJ_040310,Seated Straight,Performs gesture,Gesture,Forehead - scratch,1.7890625,10.6875,-4.14453125,0.1966552734375,0.20977783203125,-0.80145263671875,-0.5244140625,29.992870330810547,30.85328865051269,29.729951858520508,29.91059112548828,25.61380386352539,-1.0,179.0,168.0,153.0,146.0,143.0,137.0,135.0,-1.0,193.0,172.0,170.0,162.0,155.0,145.0,142.0,-1.0,-1.0,180.0,172.0,164.0,154.0,149.0,151.0,-1.0,-1.0,-1.0,183.0,158.0,140.0,133.0,133.0,-1.0,-1.0,-1.0,172.0,147.0,140.0,140.0,131.0,-1.0,-1.0,-1.0,146.0,131.0,123.0,119.0,116.0,-1.0,-1.0,111.0,97.0,95.0,93.0,92.0,95.0,-1.0,-1.0,100.0,90.0,87.0,83.0,82.0,82.0,-1.0,218.0,212.0,158.0,133.0,117.0,112.0,119.0,-1.0,-1.0,-1.0,97.0,94.0,91.0,94.0,99.0,-1.0,-1.0,-1.0,98.0,91.0,88.0,89.0,91.0,-1.0,-1.0,-1.0,98.0,94.0,84.0,86.0,88.0,-1.0,-1.0,-1.0,94.0,88.0,86.0,84.0,82.0,-1.0,-1.0,104.0,98.0,92.0,88.0,85.0,80.0,-1.0,-1.0,94.0,92.0,97.0,89.0,83.0,82.0,-1.0,-1.0,-1.0,105.0,106.0,94.0,82.0,85.0,134.0,-1.0,-1.0,-1.0,-1.0,-1.0,-1.0,-1.0,133.0,155.0,-1.0,-1.0,-1.0,-1.0,-1.0,120.0,138.0,158.0,-1.0,-1.0,-1.0,-1.0,-1.0,113.0,149.0,167.0,184.0,-1.0,149.0,149.0,123.0,107.0,147.0,161.0,167.0,162.0,145.0,137.0,124.0,95.0,142.0,156.0,148.0,146.0,139.0,130.0,102.0,89.0,141.0,152.0,145.0,137.0,143.0,123.0,95.0,78.0,134.0,148.0,142.0,142.0,133.0,120.0,83.0,81.0,-1.0,-1.0,190.0,176.0,167.0,166.0,151.0,121.0,-1.0,192.0,188.0,180.0,171.0,162.0,157.0,139.0,205.0,192.0,188.0,178.0,178.0,161.0,154.0,147.0,219.0,196.0,183.0,176.0,170.0,164.0,153.0,146.0,-1.0,191.0,179.0,172.0,166.0,161.0,150.0,145.0,218.0,201.0,181.0,178.0,169.0,165.0,154.0,154.0,-1.0,204.0,196.0,174.0,166.0,152.0,148.0,149.0,-1.0,-1.0,199.0,170.0,145.0,138.0,130.0,136.0,138.0,148.0,160.0,165.0,162.0,157.0,99.0,88.0,158.0,169.0,185.0,206.0,230.0,-1.0,-1.0,109.0,184.0,197.0,212.0,236.0,-1.0,-1.0,-1.0,-1.0,214.0,238.0,249.0,-1.0,-1.0,-1.0,-1.0,-1.0,-1.0,-1.0,-1.0,-1.0,-1.0,-1.0,-1.0,-1.0,-1.0,-1.0,-1.0,-1.0,-1.0,-1.0,-1.0,-1.0,-1.0,-1.0,-1.0,-1.0,-1.0,-1.0,-1.0,-1.0,-1.0,-1.0,-1.0,-1.0,-1.0,-1.0,-1.0,-1.0
SEQ_000079_000042,Target,SEQ_000079,42,SUBJ_040310,Seated Straight,Performs gesture,Gesture,Forehead - scratch,0.5625,7.203125,-3.22265625,0.15765380859375,0.1883544921875,-0.809326171875,-0.5335693359375,30.04570960998535,30.554920196533203,29.578149795532227,29.685571670532227,25.0691146850586,-1.0,-1.0,175.0,165.0,155.0,148.0,142.0,135.0,236.0,-1.0,184.0,177.0,169.0,158.0,148.0,141.0,235.0,224.0,198.0,183.0,173.0,154.0,154.0,149.0,231.0,237.0,-1.0,-1.0,155.0,149.0,137.0,140.0,-1.0,-1.0,236.0,170.0,157.0,139.0,142.0,131.0,-1.0,-1.0,-1.0,127.0,98.0,113.0,95.0,113.0,-1.0,-1.0,-1.0,92.0,90.0,88.0,88.0,84.0,-1.0,-1.0,-1.0,90.0,82.0,84.0,75.0,81.0,-1.0,225.0,213.0,152.0,129.0,123.0,117.0,115.0,-1.0,-1.0,-1.0,95.0,92.0,89.0,87.0,101.0,-1.0,-1.0,-1.0,92.0,87.0,87.0,87.0,88.0,-1.0,-1.0,-1.0,90.0,85.0,90.0,80.0,86.0,-1.0,-1.0,-1.0,82.0,82.0,81.0,82.0,80.0,-1.0,-1.0,103.0,87.0,86.0,84.0,77.0,75.0,-1.0,-1.0,85.0,87.0,88.0,85.0,79.0,80.0,-1.0,-1.0,-1.0,89.0,99.0,87.0,78.0,79.0,136.0,-1.0,-1.0,-1.0,-1.0,-1.0,-1.0,-1.0,135.0,161.0,-1.0,-1.0,-1.0,-1.0,-1.0,119.0,142.0,159.0,-1.0,-1.0,-1.0,-1.0,-1.0,102.0,150.0,169.0,188.0,-1.0,163.0,152.0,133.0,100.0,151.0,168.0,174.0,159.0,156.0,142.0,115.0,92.0,148.0,162.0,156.0,147.0,144.0,125.0,101.0,87.0,145.0,161.0,152.0,142.0,143.0,120.0,91.0,80.0,142.0,153.0,151.0,145.0,143.0,108.0,86.0,82.0,-1.0,-1.0,203.0,180.0,166.0,164.0,149.0,117.0,-1.0,196.0,190.0,183.0,173.0,162.0,155.0,139.0,-1.0,196.0,187.0,186.0,177.0,164.0,155.0,145.0,-1.0,200.0,189.0,180.0,178.0,164.0,154.0,145.0,-1.0,207.0,184.0,179.0,171.0,170.0,154.0,143.0,-1.0,206.0,191.0,177.0,171.0,159.0,155.0,147.0,-1.0,219.0,192.0,178.0,162.0,160.0,154.0,150.0,-1.0,219.0,201.0,171.0,149.0,140.0,134.0,143.0,138.0,147.0,162.0,173.0,174.0,154.0,121.0,85.0,160.0,168.0,185.0,207.0,230.0,-1.0,-1.0,-1.0,186.0,204.0,224.0,242.0,-1.0,-1.0,-1.0,-1.0,227.0,-1.0,-1.0,-1.0,-1.0,-1.0,-1.0,-1.0,-1.0,-1.0,-1.0,-1.0,-1.0,-1.0,-1.0,-1.0,-1.0,-1.0,-1.0,-1.0,-1.0,-1.0,-1.0,-1.0,-1.0,-1.0,-1.0,-1.0,-1.0,-1.0,-1.0,-1.0,-1.0,-1.0,-1.0,-1.0,-1.0,-1.0,-1.0,-1.0
SEQ_000079_000043,Target,SEQ_000079,43,SUBJ_040310,Seated Straight,Performs gesture,Gesture,Forehead - scratch,0.5625,11.15234375,-3.22265625,0.10418701171875,0.167236328125,-0.80560302734375,-0.5587158203125,29.59545516967773,30.6272029876709,29.55080223083496,29.608043670654297,24.83805274963379,-1.0,-1.0,185.0,167.0,158.0,148.0,139.0,133.0,-1.0,-1.0,193.0,181.0,170.0,153.0,146.0,136.0,-1.0,-1.0,-1.0,192.0,178.0,162.0,154.0,153.0,-1.0,-1.0,-1.0,-1.0,177.0,158.0,153.0,149.0,-1.0,-1.0,-1.0,-1.0,155.0,148.0,141.0,133.0,-1.0,-1.0,-1.0,-1.0,143.0,127.0,128.0,129.0,-1.0,-1.0,-1.0,101.0,95.0,95.0,95.0,98.0,-1.0,-1.0,-1.0,95.0,88.0,87.0,84.0,87.0,200.0,184.0,231.0,-1.0,129.0,131.0,121.0,117.0,-1.0,205.0,-1.0,104.0,94.0,90.0,97.0,101.0,-1.0,195.0,-1.0,101.0,92.0,91.0,90.0,92.0,-1.0,-1.0,-1.0,92.0,91.0,89.0,87.0,88.0,-1.0,-1.0,-1.0,91.0,86.0,87.0,88.0,84.0,-1.0,-1.0,-1.0,92.0,89.0,89.0,82.0,82.0,-1.0,-1.0,89.0,90.0,90.0,90.0,86.0,87.0,-1.0,-1.0,-1.0,85.0,99.0,98.0,88.0,89.0,122.0,141.0,-1.0,-1.0,-1.0,-1.0,-1.0,-1.0,125.0,142.0,158.0,-1.0,-1.0,-1.0,-1.0,-1.0,135.0,150.0,179.0,-1.0,-1.0,-1.0,-1.0,-1.0,144.0,156.0,177.0,190.0,173.0,160.0,145.0,116.0,145.0,159.0,169.0,170.0,159.0,150.0,136.0,95.0,139.0,156.0,159.0,159.0,143.0,146.0,108.0,94.0,144.0,150.0,162.0,149.0,148.0,134.0,106.0,84.0,139.0,153.0,154.0,155.0,134.0,144.0,89.0,85.0,-1.0,-1.0,-1.0,185.0,167.0,160.0,152.0,122.0,-1.0,-1.0,194.0,191.0,176.0,164.0,157.0,140.0,-1.0,213.0,206.0,192.0,178.0,168.0,155.0,144.0,-1.0,216.0,199.0,191.0,179.0,167.0,155.0,147.0,-1.0,229.0,194.0,183.0,176.0,167.0,153.0,140.0,-1.0,229.0,202.0,188.0,176.0,165.0,153.0,146.0,-1.0,234.0,208.0,185.0,173.0,164.0,155.0,149.0,-1.0,-1.0,223.0,187.0,158.0,144.0,139.0,139.0,153.0,163.0,175.0,188.0,189.0,170.0,102.0,93.0,171.0,183.0,204.0,232.0,-1.0,-1.0,-1.0,-1.0,204.0,239.0,-1.0,-1.0,-1.0,-1.0,-1.0,-1.0,-1.0,-1.0,-1.0,-1.0,-1.0,-1.0,-1.0,-1.0,-1.0,-1.0,-1.0,-1.0,-1.0,-1.0,-1.0,-1.0,-1.0,-1.0,-1.0,-1.0,-1.0,-1.0,-1.0,-1.0,-1.0,-1.0,-1.0,-1.0,-1.0,-1.0,-1.0,-1.0,-1.0,-1.0,-1.0,-1.0,-1.0,-1.0,-1.0,-1.0
SEQ_000079_000044,Target,SEQ_000079,44,SUBJ_040310,Seated Straight,Performs gesture,Gesture,Forehead - scratch,-0.47265625,8.3515625,-3.76171875,0.07122802734375,0.15557861328125,-0.8060302734375,-0.566650390625,29.5297908782959,30.88043975830078,29.525747299194336,29.362892150878903,24.570520401000977,-1.0,-1.0,-1.0,167.0,155.0,149.0,140.0,129.0,-1.0,243.0,-1.0,180.0,166.0,154.0,142.0,134.0,-1.0,242.0,-1.0,190.0,174.0,162.0,156.0,146.0,-1.0,249.0,235.0,-1.0,165.0,159.0,143.0,150.0,-1.0,-1.0,238.0,-1.0,153.0,142.0,136.0,130.0,-1.0,-1.0,-1.0,-1.0,117.0,125.0,116.0,133.0,-1.0,-1.0,-1.0,93.0,86.0,83.0,85.0,87.0,-1.0,-1.0,-1.0,90.0,81.0,81.0,76.0,82.0,-1.0,-1.0,219.0,-1.0,131.0,124.0,115.0,120.0,-1.0,-1.0,-1.0,-1.0,93.0,90.0,97.0,121.0,-1.0,-1.0,-1.0,93.0,87.0,83.0,84.0,92.0,-1.0,-1.0,-1.0,97.0,88.0,86.0,84.0,88.0,190.0,-1.0,111.0,89.0,82.0,83.0,89.0,86.0,-1.0,-1.0,102.0,85.0,80.0,83.0,82.0,82.0,-1.0,-1.0,102.0,84.0,83.0,85.0,81.0,82.0,-1.0,-1.0,-1.0,73.0,78.0,82.0,83.0,83.0,119.0,132.0,160.0,-1.0,-1.0,-1.0,-1.0,-1.0,124.0,140.0,157.0,-1.0,-1.0,-1.0,-1.0,-1.0,134.0,151.0,177.0,-1.0,-1.0,-1.0,-1.0,-1.0,149.0,160.0,179.0,188.0,171.0,160.0,145.0,104.0,147.0,155.0,172.0,171.0,152.0,150.0,114.0,95.0,151.0,159.0,168.0,159.0,147.0,138.0,105.0,87.0,148.0,161.0,164.0,155.0,142.0,126.0,90.0,83.0,150.0,161.0,164.0,159.0,146.0,116.0,85.0,83.0,-1.0,-1.0,-1.0,188.0,170.0,161.0,149.0,122.0,-1.0,-1.0,201.0,189.0,175.0,163.0,152.0,138.0,-1.0,217.0,207.0,196.0,180.0,169.0,153.0,138.0,-1.0,225.0,209.0,190.0,179.0,166.0,151.0,143.0,-1.0,-1.0,204.0,182.0,178.0,167.0,154.0,140.0,-1.0,-1.0,207.0,191.0,172.0,162.0,146.0,142.0,-1.0,-1.0,213.0,193.0,173.0,164.0,157.0,145.0,-1.0,-1.0,-1.0,184.0,156.0,143.0,140.0,141.0,149.0,154.0,172.0,182.0,184.0,164.0,155.0,89.0,172.0,183.0,202.0,230.0,243.0,-1.0,-1.0,-1.0,208.0,238.0,-1.0,-1.0,244.0,-1.0,-1.0,-1.0,247.0,-1.0,-1.0,-1.0,-1.0,-1.0,-1.0,-1.0,-1.0,-1.0,-1.0,-1.0,-1.0,-1.0,-1.0,-1.0,-1.0,-1.0,-1.0,-1.0,-1.0,-1.0,-1.0,-1.0,-1.0,-1.0,-1.0,-1.0,-1.0,-1.0,-1.0,-1.0,-1.0,-1.0,-1.0,-1.0,-1.0,-1.0,-1.0,-1.0
SEQ_000079_000045,Target,SEQ_000079,45,SUBJ_040310,Seated Straight,Performs gesture,Gesture,Forehead - scratch,-1.0078125,9.84765625,-2.765625,0.02435302734375,0.14837646484375,-0.81201171875,-0.56390380859375,29.3026180267334,30.920154571533203,29.381242752075195,29.019914627075195,24.40556526184082,-1.0,-1.0,-1.0,181.0,163.0,154.0,141.0,132.0,-1.0,-1.0,-1.0,194.0,170.0,163.0,147.0,138.0,-1.0,-1.0,-1.0,-1.0,181.0,164.0,160.0,151.0,-1.0,-1.0,-1.0,-1.0,170.0,157.0,150.0,151.0,-1.0,-1.0,-1.0,-1.0,160.0,144.0,137.0,133.0,-1.0,-1.0,-1.0,-1.0,105.0,91.0,95.0,104.0,-1.0,-1.0,-1.0,99.0,88.0,79.0,79.0,81.0,-1.0,-1.0,104.0,92.0,80.0,77.0,76.0,79.0,-1.0,-1.0,-1.0,-1.0,120.0,101.0,106.0,115.0,-1.0,-1.0,-1.0,-1.0,78.0,75.0,73.0,78.0,-1.0,-1.0,-1.0,97.0,81.0,77.0,76.0,79.0,-1.0,-1.0,-1.0,90.0,80.0,72.0,78.0,79.0,-1.0,-1.0,96.0,86.0,73.0,72.0,73.0,79.0,-1.0,-1.0,98.0,84.0,80.0,71.0,77.0,72.0,-1.0,-1.0,-1.0,84.0,76.0,73.0,74.0,79.0,-1.0,-1.0,-1.0,87.0,63.0,61.0,80.0,82.0,110.0,125.0,144.0,-1.0,-1.0,-1.0,-1.0,-1.0,118.0,130.0,146.0,-1.0,-1.0,-1.0,-1.0,-1.0,124.0,139.0,160.0,188.0,-1.0,-1.0,-1.0,-1.0,138.0,151.0,162.0,186.0,182.0,161.0,-1.0,109.0,141.0,152.0,165.0,170.0,164.0,150.0,131.0,94.0,143.0,153.0,165.0,160.0,153.0,147.0,113.0,86.0,146.0,154.0,160.0,155.0,144.0,139.0,91.0,79.0,147.0,159.0,165.0,159.0,142.0,139.0,88.0,77.0,-1.0,-1.0,-1.0,-1.0,182.0,166.0,157.0,124.0,-1.0,-1.0,-1.0,208.0,181.0,170.0,159.0,141.0,-1.0,-1.0,223.0,205.0,184.0,179.0,161.0,140.0,-1.0,-1.0,217.0,204.0,189.0,177.0,157.0,146.0,-1.0,-1.0,218.0,191.0,181.0,173.0,158.0,140.0,-1.0,-1.0,223.0,201.0,181.0,171.0,152.0,146.0,-1.0,-1.0,236.0,202.0,173.0,167.0,158.0,151.0,-1.0,-1.0,-1.0,190.0,160.0,147.0,139.0,144.0,156.0,163.0,178.0,189.0,182.0,181.0,128.0,88.0,185.0,194.0,224.0,243.0,-1.0,-1.0,-1.0,120.0,227.0,-1.0,-1.0,-1.0,-1.0,-1.0,-1.0,-1.0,-1.0,-1.0,-1.0,-1.0,-1.0,-1.0,-1.0,-1.0,-1.0,-1.0,-1.0,-1.0,-1.0,-1.0,-1.0,-1.0,-1.0,-1.0,-1.0,-1.0,-1.0,-1.0,-1.0,-1.0,-1.0,-1.0,-1.0,-1.0,-1.0,-1.0,-1.0,-1.0,-1.0,-1.0,-1.0,-1.0,-1.0,-1.0,-1.0,-1.0
SEQ_000079_000046,Target,SEQ_000079,46,SUBJ_040310,Seated Straight,Performs gesture,Gesture,Forehead - scratch,-1.7734375,9.88671875,-4.296875,0.004150390625,0.14093017578125,-0.806884765625,-0.57366943359375,29.214130401611328,31.2123966217041,29.26671028137207,29.027109146118164,24.363933563232425,-1.0,-1.0,-1.0,-1.0,162.0,151.0,138.0,132.0,-1.0,-1.0,-1.0,184.0,166.0,151.0,142.0,135.0,-1.0,-1.0,-1.0,-1.0,177.0,161.0,155.0,145.0,-1.0,-1.0,246.0,-1.0,167.0,159.0,152.0,152.0,-1.0,-1.0,-1.0,-1.0,149.0,137.0,143.0,146.0,-1.0,-1.0,-1.0,-1.0,-1.0,118.0,113.0,120.0,-1.0,-1.0,-1.0,105.0,93.0,83.0,76.0,75.0,-1.0,-1.0,-1.0,90.0,78.0,72.0,72.0,74.0,-1.0,-1.0,188.0,-1.0,132.0,122.0,117.0,128.0,-1.0,-1.0,-1.0,-1.0,102.0,81.0,77.0,88.0,-1.0,-1.0,-1.0,98.0,89.0,77.0,74.0,73.0,-1.0,-1.0,-1.0,95.0,88.0,80.0,77.0,77.0,-1.0,-1.0,103.0,87.0,83.0,80.0,75.0,79.0,-1.0,-1.0,100.0,87.0,79.0,76.0,71.0,76.0,-1.0,-1.0,104.0,90.0,89.0,76.0,71.0,83.0,-1.0,-1.0,-1.0,98.0,76.0,68.0,71.0,81.0,108.0,117.0,143.0,-1.0,-1.0,-1.0,-1.0,-1.0,113.0,127.0,144.0,-1.0,-1.0,-1.0,-1.0,-1.0,125.0,140.0,161.0,-1.0,-1.0,-1.0,-1.0,-1.0,142.0,152.0,170.0,178.0,-1.0,159.0,-1.0,94.0,143.0,153.0,164.0,168.0,167.0,146.0,105.0,85.0,147.0,156.0,164.0,157.0,145.0,130.0,88.0,76.0,150.0,158.0,160.0,158.0,144.0,113.0,75.0,71.0,155.0,162.0,164.0,156.0,145.0,114.0,74.0,70.0,-1.0,-1.0,-1.0,-1.0,180.0,166.0,151.0,121.0,-1.0,-1.0,-1.0,208.0,180.0,169.0,152.0,140.0,-1.0,-1.0,224.0,198.0,188.0,174.0,159.0,135.0,-1.0,-1.0,212.0,201.0,183.0,176.0,153.0,146.0,-1.0,-1.0,222.0,195.0,182.0,175.0,157.0,142.0,-1.0,-1.0,219.0,202.0,171.0,168.0,151.0,142.0,-1.0,-1.0,-1.0,196.0,178.0,167.0,157.0,146.0,-1.0,-1.0,-1.0,184.0,155.0,148.0,140.0,146.0,158.0,162.0,182.0,185.0,168.0,176.0,139.0,94.0,182.0,198.0,223.0,-1.0,-1.0,-1.0,-1.0,138.0,231.0,-1.0,-1.0,-1.0,-1.0,-1.0,-1.0,-1.0,-1.0,-1.0,-1.0,-1.0,-1.0,-1.0,-1.0,-1.0,-1.0,-1.0,-1.0,-1.0,-1.0,-1.0,-1.0,-1.0,-1.0,-1.0,-1.0,-1.0,-1.0,-1.0,-1.0,-1.0,-1.0,-1.0,-1.0,-1.0,-1.0,-1.0,-1.0,-1.0,-1.0,-1.0,-1.0,-1.0,-1.0,-1.0,-1.0,-1.0
SEQ_000079_000047,Target,SEQ_000079,47,SUBJ_040310,Seated Straight,Performs gesture,Gesture,Forehead - scratch,-1.66015625,7.8125,-3.0703125,0.0015869140625,-0.1314697265625,0.8201904296875,0.5567626953125,29.34807014465332,31.16025352478028,29.505952835083008,28.71001625061035,24.193798065185547,-1.0,-1.0,-1.0,-1.0,169.0,155.0,143.0,132.0,-1.0,-1.0,239.0,-1.0,175.0,160.0,147.0,135.0,-1.0,-1.0,-1.0,-1.0,175.0,163.0,156.0,147.0,-1.0,-1.0,244.0,-1.0,167.0,153.0,151.0,148.0,-1.0,-1.0,-1.0,-1.0,-1.0,134.0,129.0,123.0,-1.0,-1.0,-1.0,-1.0,100.0,87.0,74.0,71.0,-1.0,-1.0,-1.0,97.0,87.0,78.0,70.0,66.0,-1.0,-1.0,98.0,82.0,79.0,72.0,66.0,65.0,-1.0,-1.0,-1.0,-1.0,130.0,104.0,97.0,103.0,-1.0,-1.0,-1.0,-1.0,84.0,75.0,66.0,67.0,-1.0,-1.0,-1.0,90.0,81.0,75.0,70.0,68.0,-1.0,-1.0,-1.0,88.0,79.0,76.0,65.0,65.0,-1.0,-1.0,88.0,81.0,76.0,70.0,65.0,63.0,-1.0,-1.0,88.0,79.0,75.0,73.0,66.0,62.0,-1.0,-1.0,92.0,82.0,77.0,70.0,65.0,64.0,-1.0,-1.0,-1.0,88.0,83.0,63.0,56.0,60.0,105.0,114.0,139.0,-1.0,-1.0,-1.0,-1.0,-1.0,112.0,124.0,139.0,157.0,-1.0,-1.0,-1.0,-1.0,121.0,135.0,154.0,178.0,-1.0,-1.0,-1.0,-1.0,136.0,149.0,162.0,185.0,181.0,-1.0,-1.0,94.0,144.0,152.0,163.0,171.0,170.0,150.0,101.0,80.0,146.0,153.0,165.0,160.0,154.0,136.0,85.0,73.0,152.0,155.0,161.0,155.0,143.0,128.0,79.0,70.0,150.0,165.0,166.0,157.0,139.0,119.0,84.0,74.0,-1.0,-1.0,-1.0,-1.0,188.0,172.0,158.0,117.0,-1.0,-1.0,-1.0,204.0,198.0,173.0,156.0,143.0,-1.0,-1.0,234.0,206.0,193.0,177.0,161.0,139.0,-1.0,-1.0,224.0,206.0,193.0,175.0,161.0,149.0,-1.0,-1.0,226.0,198.0,188.0,173.0,157.0,141.0,-1.0,-1.0,238.0,204.0,181.0,168.0,152.0,144.0,-1.0,-1.0,-1.0,200.0,177.0,166.0,160.0,148.0,-1.0,-1.0,-1.0,193.0,157.0,148.0,143.0,147.0,159.0,166.0,178.0,190.0,179.0,175.0,146.0,91.0,185.0,196.0,225.0,249.0,-1.0,-1.0,-1.0,149.0,226.0,-1.0,-1.0,-1.0,-1.0,-1.0,-1.0,-1.0,-1.0,-1.0,-1.0,-1.0,-1.0,-1.0,-1.0,-1.0,-1.0,-1.0,-1.0,-1.0,-1.0,-1.0,-1.0,-1.0,-1.0,-1.0,-1.0,-1.0,-1.0,-1.0,-1.0,-1.0,-1.0,-1.0,-1.0,-1.0,-1.0,-1.0,-1.0,-1.0,-1.0,-1.0,-1.0,-1.0,-1.0,-1.0,-1.0,-1.0
SEQ_000079_000048,Target,SEQ_000079,48,SUBJ_040310,Seated Straight,Performs gesture,Gesture,Forehead - scratch,-1.54296875,11.03515625,-3.72265625,0.0023193359375,-0.13653564453125,0.81390380859375,0.564697265625,29.14581680297852,31.0684757232666,29.366329193115234,28.892967224121094,24.2712345123291,-1.0,-1.0,-1.0,-1.0,167.0,153.0,140.0,132.0,-1.0,-1.0,-1.0,201.0,171.0,165.0,146.0,136.0,-1.0,-1.0,-1.0,-1.0,178.0,167.0,157.0,146.0,-1.0,-1.0,-1.0,-1.0,173.0,156.0,152.0,157.0,-1.0,-1.0,-1.0,-1.0,150.0,140.0,138.0,144.0,-1.0,-1.0,-1.0,-1.0,118.0,94.0,87.0,84.0,-1.0,-1.0,-1.0,110.0,93.0,85.0,76.0,75.0,-1.0,-1.0,-1.0,91.0,85.0,80.0,74.0,73.0,-1.0,-1.0,-1.0,-1.0,128.0,118.0,108.0,118.0,-1.0,-1.0,-1.0,-1.0,93.0,83.0,72.0,72.0,-1.0,-1.0,-1.0,99.0,88.0,81.0,74.0,71.0,-1.0,-1.0,-1.0,90.0,83.0,80.0,72.0,71.0,-1.0,-1.0,99.0,88.0,82.0,75.0,73.0,69.0,-1.0,-1.0,98.0,87.0,81.0,78.0,70.0,72.0,-1.0,-1.0,-1.0,89.0,85.0,78.0,69.0,76.0,-1.0,-1.0,-1.0,96.0,94.0,70.0,62.0,70.0,105.0,112.0,136.0,-1.0,-1.0,-1.0,-1.0,-1.0,108.0,123.0,137.0,157.0,-1.0,-1.0,-1.0,-1.0,120.0,130.0,148.0,173.0,-1.0,-1.0,-1.0,-1.0,134.0,145.0,163.0,177.0,183.0,-1.0,113.0,91.0,144.0,152.0,163.0,168.0,174.0,139.0,90.0,76.0,146.0,152.0,165.0,160.0,149.0,136.0,78.0,71.0,150.0,153.0,163.0,157.0,138.0,120.0,75.0,68.0,152.0,160.0,162.0,151.0,136.0,121.0,77.0,74.0,-1.0,-1.0,-1.0,-1.0,183.0,165.0,155.0,115.0,-1.0,-1.0,-1.0,211.0,178.0,171.0,152.0,139.0,-1.0,-1.0,223.0,205.0,195.0,171.0,158.0,138.0,-1.0,-1.0,217.0,204.0,192.0,173.0,158.0,147.0,-1.0,-1.0,224.0,193.0,184.0,165.0,161.0,141.0,-1.0,-1.0,226.0,201.0,181.0,165.0,153.0,143.0,-1.0,-1.0,237.0,201.0,176.0,166.0,165.0,148.0,-1.0,-1.0,-1.0,187.0,156.0,147.0,145.0,149.0,161.0,166.0,185.0,188.0,168.0,185.0,126.0,96.0,187.0,203.0,228.0,-1.0,-1.0,-1.0,-1.0,129.0,230.0,-1.0,-1.0,-1.0,-1.0,-1.0,-1.0,-1.0,-1.0,-1.0,-1.0,-1.0,-1.0,-1.0,-1.0,-1.0,-1.0,-1.0,-1.0,-1.0,-1.0,-1.0,-1.0,-1.0,-1.0,-1.0,-1.0,-1.0,-1.0,-1.0,-1.0,-1.0,-1.0,-1.0,-1.0,-1.0,-1.0,-1.0,-1.0,-1.0,-1.0,-1.0,-1.0,-1.0,-1.0,-1.0,-1.0,-1.0
SEQ_000079_000049,Target,SEQ_000079,49,SUBJ_040310,Seated Straight,Performs gesture,Gesture,Forehead - scratch,-1.4296875,7.12890625,-3.22265625,0.03564453125,0.1353759765625,-0.8179931640625,-0.55792236328125,29.330284118652344,30.99431610107422,29.513277053833008,28.997812271118164,24.3410873413086,-1.0,-1.0,-1.0,-1.0,161.0,148.0,138.0,130.0,-1.0,231.0,-1.0,183.0,164.0,153.0,140.0,131.0,-1.0,237.0,-1.0,-1.0,172.0,163.0,153.0,143.0,-1.0,235.0,247.0,-1.0,165.0,156.0,146.0,148.0,-1.0,-1.0,-1.0,-1.0,150.0,132.0,133.0,139.0,-1.0,-1.0,-1.0,-1.0,-1.0,102.0,82.0,83.0,-1.0,-1.0,-1.0,-1.0,93.0,81.0,74.0,67.0,-1.0,-1.0,-1.0,93.0,79.0,75.0,66.0,69.0,-1.0,-1.0,231.0,-1.0,132.0,121.0,119.0,128.0,-1.0,-1.0,-1.0,-1.0,123.0,101.0,81.0,95.0,-1.0,-1.0,-1.0,107.0,91.0,81.0,75.0,71.0,-1.0,-1.0,-1.0,99.0,91.0,82.0,76.0,76.0,-1.0,-1.0,-1.0,93.0,90.0,81.0,74.0,72.0,-1.0,-1.0,101.0,91.0,81.0,76.0,69.0,71.0,-1.0,-1.0,102.0,87.0,84.0,80.0,70.0,72.0,-1.0,-1.0,-1.0,91.0,84.0,73.0,66.0,75.0,109.0,114.0,140.0,-1.0,-1.0,-1.0,-1.0,-1.0,112.0,128.0,141.0,-1.0,-1.0,-1.0,-1.0,-1.0,123.0,134.0,160.0,181.0,-1.0,-1.0,-1.0,-1.0,142.0,150.0,173.0,185.0,178.0,-1.0,109.0,88.0,148.0,155.0,167.0,174.0,169.0,131.0,88.0,78.0,150.0,156.0,165.0,161.0,150.0,105.0,79.0,74.0,151.0,154.0,162.0,154.0,144.0,99.0,76.0,71.0,154.0,164.0,166.0,156.0,135.0,104.0,81.0,76.0,-1.0,-1.0,-1.0,-1.0,170.0,158.0,154.0,114.0,-1.0,-1.0,-1.0,192.0,180.0,164.0,154.0,133.0,-1.0,-1.0,209.0,195.0,182.0,167.0,155.0,134.0,-1.0,-1.0,211.0,194.0,177.0,169.0,154.0,139.0,-1.0,-1.0,202.0,190.0,176.0,164.0,153.0,139.0,-1.0,-1.0,208.0,182.0,171.0,158.0,148.0,136.0,-1.0,-1.0,212.0,187.0,176.0,163.0,151.0,143.0,-1.0,-1.0,-1.0,178.0,152.0,143.0,143.0,145.0,153.0,151.0,167.0,178.0,176.0,151.0,173.0,107.0,173.0,188.0,204.0,237.0,-1.0,-1.0,-1.0,-1.0,207.0,241.0,-1.0,-1.0,-1.0,-1.0,-1.0,-1.0,-1.0,-1.0,-1.0,-1.0,-1.0,-1.0,-1.0,-1.0,230.0,-1.0,-1.0,-1.0,-1.0,-1.0,-1.0,-1.0,-1.0,-1.0,-1.0,-1.0,-1.0,-1.0,-1.0,-1.0,-1.0,-1.0,-1.0,-1.0,-1.0,-1.0,-1.0,-1.0,-1.0,-1.0,-1.0,-1.0,-1.0,-1.0,-1.0,-1.0
SEQ_000079_000050,Target,SEQ_000079,50,SUBJ_040310,Seated Straight,Performs gesture,Gesture,Forehead - scratch,-0.6640625,11.22265625,-4.10546875,0.02252197265625,0.1448974609375,-0.8214111328125,-0.5511474609375,29.249414443969727,31.08097648620605,29.41596412658692,29.14633560180664,24.299787521362305,-1.0,-1.0,-1.0,-1.0,164.0,152.0,139.0,130.0,-1.0,-1.0,-1.0,-1.0,161.0,157.0,142.0,133.0,-1.0,-1.0,-1.0,-1.0,177.0,165.0,156.0,148.0,-1.0,-1.0,244.0,-1.0,165.0,157.0,149.0,152.0,-1.0,-1.0,-1.0,-1.0,147.0,139.0,135.0,136.0,-1.0,-1.0,-1.0,-1.0,118.0,88.0,91.0,83.0,-1.0,-1.0,-1.0,106.0,88.0,82.0,76.0,73.0,-1.0,-1.0,-1.0,88.0,80.0,74.0,72.0,69.0,-1.0,-1.0,187.0,-1.0,-1.0,108.0,99.0,114.0,-1.0,-1.0,-1.0,-1.0,87.0,74.0,69.0,72.0,-1.0,-1.0,-1.0,97.0,84.0,79.0,75.0,76.0,-1.0,-1.0,-1.0,90.0,84.0,72.0,71.0,76.0,-1.0,-1.0,91.0,77.0,75.0,68.0,70.0,73.0,-1.0,-1.0,94.0,82.0,79.0,71.0,67.0,69.0,-1.0,-1.0,-1.0,85.0,73.0,69.0,66.0,76.0,-1.0,-1.0,-1.0,88.0,69.0,56.0,59.0,74.0,104.0,112.0,137.0,-1.0,-1.0,-1.0,-1.0,-1.0,110.0,118.0,135.0,149.0,-1.0,-1.0,-1.0,-1.0,119.0,129.0,145.0,169.0,-1.0,-1.0,-1.0,-1.0,132.0,142.0,157.0,172.0,176.0,-1.0,-1.0,96.0,139.0,149.0,155.0,170.0,169.0,148.0,114.0,81.0,138.0,145.0,155.0,161.0,155.0,140.0,95.0,76.0,146.0,149.0,160.0,152.0,152.0,133.0,89.0,69.0,149.0,152.0,160.0,153.0,137.0,138.0,95.0,76.0,-1.0,-1.0,-1.0,-1.0,177.0,162.0,151.0,113.0,-1.0,-1.0,-1.0,199.0,177.0,170.0,150.0,138.0,-1.0,-1.0,209.0,199.0,183.0,168.0,155.0,133.0,-1.0,-1.0,207.0,196.0,177.0,172.0,154.0,144.0,-1.0,-1.0,207.0,184.0,184.0,163.0,154.0,139.0,-1.0,-1.0,212.0,197.0,173.0,164.0,149.0,139.0,-1.0,-1.0,214.0,188.0,172.0,161.0,157.0,145.0,-1.0,-1.0,-1.0,187.0,153.0,146.0,138.0,145.0,154.0,162.0,177.0,188.0,176.0,176.0,127.0,92.0,176.0,191.0,222.0,-1.0,-1.0,-1.0,-1.0,127.0,219.0,-1.0,-1.0,-1.0,-1.0,-1.0,-1.0,-1.0,-1.0,-1.0,-1.0,-1.0,-1.0,-1.0,-1.0,-1.0,-1.0,-1.0,-1.0,-1.0,-1.0,-1.0,-1.0,-1.0,-1.0,-1.0,-1.0,-1.0,-1.0,-1.0,-1.0,-1.0,-1.0,-1.0,-1.0,-1.0,-1.0,-1.0,-1.0,-1.0,-1.0,-1.0,-1.0,-1.0,-1.0,-1.0,-1.0,-1.0
SEQ_000079_000051,Target,SEQ_000079,51,SUBJ_040310,Seated Straight,Performs gesture,Gesture,Forehead - scratch,-1.046875,7.1640625,-3.64453125,0.04608154296875,0.14788818359375,-0.81219482421875,-0.5623779296875,29.45148086547852,31.31863784790039,29.4558219909668,29.139020919799805,24.423643112182617,-1.0,-1.0,-1.0,171.0,156.0,148.0,134.0,129.0,-1.0,-1.0,-1.0,178.0,162.0,152.0,140.0,132.0,-1.0,248.0,-1.0,-1.0,174.0,162.0,151.0,141.0,-1.0,242.0,248.0,-1.0,166.0,158.0,145.0,147.0,-1.0,-1.0,-1.0,-1.0,147.0,138.0,138.0,139.0,-1.0,-1.0,-1.0,-1.0,117.0,112.0,103.0,125.0,-1.0,-1.0,-1.0,102.0,85.0,78.0,76.0,80.0,-1.0,-1.0,97.0,87.0,79.0,75.0,70.0,77.0,-1.0,-1.0,222.0,164.0,133.0,122.0,117.0,127.0,-1.0,-1.0,-1.0,132.0,87.0,85.0,87.0,118.0,-1.0,-1.0,-1.0,92.0,87.0,80.0,84.0,90.0,-1.0,-1.0,-1.0,95.0,79.0,81.0,80.0,88.0,-1.0,-1.0,108.0,93.0,81.0,82.0,88.0,84.0,-1.0,-1.0,93.0,87.0,74.0,81.0,74.0,81.0,-1.0,-1.0,99.0,85.0,81.0,83.0,82.0,82.0,-1.0,-1.0,-1.0,71.0,68.0,80.0,76.0,85.0,110.0,115.0,142.0,-1.0,-1.0,-1.0,-1.0,-1.0,112.0,124.0,137.0,-1.0,-1.0,-1.0,-1.0,-1.0,126.0,134.0,155.0,184.0,-1.0,-1.0,-1.0,-1.0,137.0,152.0,165.0,176.0,-1.0,151.0,122.0,91.0,144.0,153.0,160.0,164.0,163.0,145.0,100.0,82.0,147.0,152.0,162.0,158.0,147.0,129.0,80.0,73.0,148.0,155.0,162.0,154.0,141.0,107.0,75.0,69.0,154.0,160.0,165.0,152.0,135.0,103.0,74.0,72.0,-1.0,-1.0,-1.0,-1.0,175.0,159.0,150.0,112.0,-1.0,-1.0,-1.0,191.0,173.0,161.0,145.0,136.0,-1.0,-1.0,202.0,195.0,181.0,163.0,150.0,134.0,-1.0,-1.0,208.0,190.0,174.0,162.0,144.0,138.0,-1.0,-1.0,198.0,187.0,174.0,162.0,149.0,137.0,-1.0,-1.0,208.0,184.0,168.0,156.0,146.0,135.0,-1.0,-1.0,213.0,187.0,168.0,162.0,151.0,143.0,-1.0,-1.0,-1.0,175.0,152.0,141.0,139.0,138.0,152.0,151.0,168.0,177.0,182.0,155.0,162.0,90.0,170.0,184.0,202.0,237.0,-1.0,-1.0,-1.0,116.0,210.0,244.0,-1.0,-1.0,-1.0,-1.0,-1.0,-1.0,240.0,-1.0,-1.0,-1.0,-1.0,-1.0,-1.0,-1.0,-1.0,-1.0,-1.0,-1.0,-1.0,-1.0,-1.0,-1.0,-1.0,-1.0,-1.0,-1.0,-1.0,-1.0,-1.0,-1.0,-1.0,-1.0,-1.0,-1.0,-1.0,-1.0,-1.0,-1.0,-1.0,-1.0,-1.0,-1.0,-1.0,-1.0,-1.0,-1.0
SEQ_000079_000052,Target,SEQ_000079,52,SUBJ_040310,Seated Straight,Performs gesture,Gesture,Forehead - scratch,-1.0859375,10.73046875,-3.53125,0.047119140625,0.1522216796875,-0.820556640625,-0.54888916015625,29.53978157043457,31.325942993164062,29.41596412658692,29.087915420532227,24.50613594055176,-1.0,-1.0,-1.0,176.0,160.0,152.0,140.0,134.0,-1.0,239.0,-1.0,192.0,169.0,159.0,142.0,136.0,-1.0,-1.0,-1.0,197.0,176.0,161.0,157.0,146.0,-1.0,-1.0,240.0,-1.0,167.0,154.0,146.0,148.0,-1.0,-1.0,-1.0,-1.0,153.0,143.0,133.0,130.0,-1.0,-1.0,-1.0,110.0,93.0,94.0,103.0,119.0,-1.0,-1.0,-1.0,88.0,83.0,82.0,86.0,86.0,-1.0,-1.0,95.0,81.0,76.0,74.0,76.0,79.0,-1.0,-1.0,205.0,-1.0,106.0,107.0,112.0,111.0,-1.0,-1.0,-1.0,88.0,79.0,79.0,80.0,100.0,-1.0,-1.0,-1.0,84.0,80.0,80.0,81.0,83.0,-1.0,-1.0,103.0,77.0,76.0,78.0,81.0,80.0,185.0,-1.0,90.0,73.0,71.0,74.0,76.0,76.0,-1.0,-1.0,91.0,75.0,80.0,76.0,75.0,73.0,-1.0,-1.0,74.0,73.0,75.0,77.0,75.0,75.0,-1.0,-1.0,68.0,68.0,75.0,79.0,78.0,79.0,106.0,115.0,139.0,-1.0,-1.0,-1.0,-1.0,-1.0,110.0,124.0,139.0,159.0,-1.0,-1.0,-1.0,-1.0,122.0,132.0,152.0,179.0,-1.0,-1.0,-1.0,-1.0,134.0,146.0,160.0,179.0,182.0,-1.0,-1.0,116.0,139.0,148.0,161.0,168.0,167.0,147.0,133.0,98.0,143.0,148.0,157.0,161.0,156.0,145.0,112.0,85.0,145.0,148.0,158.0,150.0,148.0,139.0,92.0,75.0,146.0,153.0,166.0,151.0,137.0,133.0,86.0,76.0,-1.0,-1.0,-1.0,-1.0,181.0,164.0,152.0,118.0,-1.0,-1.0,-1.0,205.0,178.0,167.0,151.0,138.0,-1.0,-1.0,209.0,204.0,182.0,171.0,156.0,138.0,-1.0,-1.0,210.0,193.0,183.0,171.0,154.0,141.0,-1.0,-1.0,210.0,187.0,173.0,166.0,152.0,135.0,-1.0,-1.0,215.0,191.0,174.0,163.0,148.0,141.0,-1.0,-1.0,222.0,190.0,171.0,164.0,156.0,145.0,-1.0,-1.0,-1.0,186.0,155.0,142.0,138.0,140.0,153.0,157.0,173.0,182.0,182.0,170.0,95.0,81.0,179.0,192.0,213.0,244.0,-1.0,-1.0,-1.0,110.0,214.0,-1.0,-1.0,-1.0,-1.0,-1.0,-1.0,-1.0,-1.0,-1.0,-1.0,-1.0,-1.0,-1.0,-1.0,-1.0,-1.0,-1.0,-1.0,-1.0,-1.0,-1.0,-1.0,-1.0,-1.0,-1.0,-1.0,-1.0,-1.0,-1.0,-1.0,-1.0,-1.0,-1.0,-1.0,-1.0,-1.0,-1.0,-1.0,-1.0,-1.0,-1.0,-1.0,-1.0,-1.0,-1.0,-1.0,-1.0
SEQ_000079_000053,Target,SEQ_000079,53,SUBJ_040310,Seated Straight,Performs gesture,Gesture,Forehead - scratch,-0.6640625,8.12109375,-4.41015625,0.06951904296875,0.157470703125,-0.809814453125,-0.56085205078125,29.431291580200195,31.036096572875977,29.47060203552246,29.180307388305664,24.47764015197754,-1.0,-1.0,-1.0,169.0,155.0,147.0,136.0,131.0,-1.0,243.0,-1.0,180.0,162.0,151.0,141.0,131.0,-1.0,-1.0,-1.0,190.0,176.0,161.0,151.0,143.0,-1.0,248.0,242.0,-1.0,169.0,156.0,143.0,148.0,-1.0,-1.0,-1.0,-1.0,154.0,139.0,137.0,138.0,-1.0,-1.0,-1.0,169.0,146.0,138.0,134.0,131.0,-1.0,-1.0,-1.0,98.0,99.0,104.0,103.0,112.0,-1.0,-1.0,104.0,90.0,83.0,86.0,84.0,92.0,-1.0,-1.0,228.0,-1.0,134.0,126.0,116.0,126.0,-1.0,-1.0,-1.0,108.0,109.0,112.0,119.0,124.0,-1.0,-1.0,100.0,90.0,90.0,94.0,96.0,115.0,-1.0,-1.0,103.0,97.0,90.0,93.0,95.0,98.0,-1.0,-1.0,98.0,90.0,94.0,88.0,92.0,93.0,-1.0,-1.0,97.0,94.0,84.0,89.0,87.0,91.0,-1.0,-1.0,94.0,94.0,92.0,87.0,87.0,91.0,-1.0,-1.0,91.0,98.0,92.0,88.0,86.0,93.0,107.0,119.0,143.0,-1.0,-1.0,-1.0,-1.0,-1.0,112.0,126.0,143.0,167.0,-1.0,-1.0,-1.0,-1.0,123.0,135.0,158.0,180.0,-1.0,-1.0,-1.0,-1.0,137.0,146.0,164.0,175.0,177.0,155.0,-1.0,114.0,138.0,149.0,158.0,163.0,162.0,142.0,126.0,90.0,145.0,148.0,161.0,159.0,147.0,137.0,99.0,84.0,146.0,149.0,159.0,153.0,140.0,122.0,91.0,75.0,150.0,154.0,161.0,150.0,135.0,128.0,76.0,75.0,-1.0,-1.0,-1.0,189.0,162.0,159.0,144.0,117.0,-1.0,-1.0,204.0,194.0,174.0,159.0,147.0,132.0,-1.0,219.0,202.0,191.0,176.0,158.0,146.0,134.0,-1.0,-1.0,199.0,187.0,176.0,166.0,148.0,135.0,-1.0,-1.0,197.0,184.0,170.0,160.0,150.0,134.0,-1.0,-1.0,206.0,179.0,167.0,157.0,145.0,135.0,-1.0,-1.0,209.0,183.0,169.0,157.0,150.0,136.0,-1.0,-1.0,226.0,187.0,154.0,140.0,136.0,138.0,146.0,155.0,166.0,183.0,183.0,160.0,113.0,85.0,171.0,185.0,208.0,234.0,243.0,-1.0,-1.0,98.0,208.0,235.0,242.0,-1.0,-1.0,-1.0,-1.0,-1.0,-1.0,-1.0,-1.0,-1.0,-1.0,-1.0,-1.0,-1.0,-1.0,-1.0,-1.0,-1.0,-1.0,-1.0,-1.0,-1.0,-1.0,-1.0,-1.0,-1.0,-1.0,-1.0,-1.0,-1.0,-1.0,-1.0,-1.0,-1.0,-1.0,-1.0,-1.0,-1.0,-1.0,-1.0,-1.0,-1.0,-1.0,-1.0,-1.0,-1.0
SEQ_000079_000054,Target,SEQ_000079,54,SUBJ_040310,Seated Straight,Performs gesture,Gesture,Forehead - scratch,-1.0859375,9.80859375,-3.26171875,0.10003662109375,0.16253662109375,-0.81884765625,-0.5413818359375,29.68090057373047,30.96929359436035,29.70210075378418,29.30432510375977,24.64248847961425,-1.0,-1.0,-1.0,165.0,155.0,146.0,136.0,130.0,-1.0,243.0,-1.0,178.0,164.0,151.0,141.0,132.0,-1.0,-1.0,-1.0,195.0,172.0,160.0,150.0,142.0,-1.0,238.0,-1.0,-1.0,164.0,153.0,141.0,145.0,-1.0,-1.0,-1.0,-1.0,147.0,140.0,131.0,126.0,-1.0,-1.0,-1.0,-1.0,122.0,128.0,120.0,126.0,-1.0,-1.0,104.0,97.0,92.0,94.0,93.0,99.0,-1.0,-1.0,93.0,89.0,84.0,83.0,83.0,86.0,-1.0,-1.0,218.0,180.0,129.0,121.0,111.0,112.0,-1.0,-1.0,-1.0,114.0,100.0,107.0,107.0,116.0,-1.0,-1.0,105.0,89.0,90.0,89.0,90.0,97.0,-1.0,-1.0,103.0,92.0,89.0,85.0,90.0,91.0,-1.0,-1.0,91.0,91.0,88.0,86.0,85.0,85.0,-1.0,-1.0,93.0,87.0,85.0,82.0,79.0,81.0,-1.0,91.0,92.0,92.0,84.0,79.0,78.0,81.0,-1.0,87.0,89.0,93.0,87.0,80.0,76.0,80.0,109.0,117.0,145.0,-1.0,-1.0,-1.0,-1.0,-1.0,113.0,128.0,143.0,-1.0,-1.0,-1.0,-1.0,-1.0,125.0,134.0,159.0,183.0,-1.0,-1.0,-1.0,-1.0,138.0,149.0,158.0,181.0,182.0,162.0,156.0,-1.0,142.0,148.0,159.0,165.0,167.0,148.0,142.0,113.0,142.0,152.0,162.0,154.0,152.0,151.0,128.0,97.0,147.0,148.0,161.0,152.0,146.0,137.0,107.0,89.0,144.0,154.0,164.0,153.0,140.0,137.0,99.0,85.0,-1.0,-1.0,-1.0,-1.0,170.0,161.0,147.0,120.0,-1.0,-1.0,-1.0,195.0,175.0,163.0,149.0,136.0,-1.0,217.0,201.0,186.0,185.0,165.0,154.0,137.0,-1.0,-1.0,203.0,189.0,177.0,161.0,149.0,137.0,-1.0,-1.0,190.0,182.0,178.0,160.0,149.0,135.0,-1.0,-1.0,201.0,183.0,165.0,161.0,149.0,140.0,-1.0,-1.0,205.0,186.0,170.0,160.0,150.0,142.0,-1.0,-1.0,223.0,180.0,156.0,139.0,132.0,137.0,145.0,150.0,164.0,175.0,176.0,150.0,133.0,83.0,170.0,175.0,198.0,220.0,242.0,-1.0,-1.0,97.0,200.0,222.0,238.0,-1.0,-1.0,-1.0,-1.0,-1.0,-1.0,-1.0,-1.0,-1.0,-1.0,-1.0,-1.0,-1.0,-1.0,-1.0,-1.0,-1.0,-1.0,-1.0,-1.0,-1.0,-1.0,-1.0,-1.0,-1.0,-1.0,-1.0,-1.0,-1.0,-1.0,-1.0,-1.0,-1.0,-1.0,-1.0,-1.0,-1.0,-1.0,-1.0,-1.0,-1.0,-1.0,-1.0,-1.0,-1.0
SEQ_000079_000055,Target,SEQ_000079,55,SUBJ_040310,Seated Straight,Performs gesture,Gesture,Forehead - scratch,-0.08984375,9.1171875,-5.0625,0.12213134765625,0.18133544921875,-0.81390380859375,-0.538330078125,29.45893096923828,30.71101951599121,29.59019088745117,29.479047775268555,24.760766983032227,-1.0,-1.0,177.0,160.0,150.0,141.0,132.0,127.0,-1.0,-1.0,187.0,170.0,158.0,145.0,137.0,129.0,-1.0,0.0,194.0,180.0,170.0,163.0,149.0,142.0,-1.0,243.0,-1.0,186.0,160.0,153.0,142.0,141.0,-1.0,-1.0,-1.0,-1.0,152.0,141.0,133.0,133.0,-1.0,-1.0,-1.0,164.0,152.0,136.0,138.0,127.0,-1.0,-1.0,-1.0,124.0,121.0,117.0,117.0,119.0,-1.0,-1.0,99.0,96.0,92.0,95.0,95.0,107.0,-1.0,216.0,215.0,169.0,130.0,120.0,112.0,113.0,-1.0,-1.0,-1.0,132.0,133.0,117.0,119.0,119.0,-1.0,-1.0,109.0,98.0,100.0,100.0,109.0,116.0,-1.0,-1.0,110.0,101.0,96.0,94.0,96.0,98.0,-1.0,-1.0,105.0,103.0,96.0,94.0,94.0,97.0,-1.0,-1.0,103.0,92.0,88.0,88.0,91.0,92.0,-1.0,107.0,105.0,103.0,92.0,88.0,87.0,93.0,-1.0,-1.0,108.0,101.0,91.0,84.0,87.0,88.0,110.0,124.0,147.0,-1.0,-1.0,-1.0,-1.0,-1.0,113.0,128.0,145.0,-1.0,-1.0,-1.0,-1.0,-1.0,126.0,138.0,158.0,179.0,-1.0,-1.0,-1.0,-1.0,139.0,146.0,159.0,173.0,174.0,153.0,145.0,132.0,138.0,146.0,158.0,158.0,158.0,140.0,136.0,105.0,142.0,146.0,158.0,151.0,146.0,136.0,117.0,97.0,142.0,145.0,155.0,146.0,141.0,136.0,110.0,83.0,142.0,144.0,157.0,153.0,134.0,140.0,96.0,87.0,-1.0,-1.0,-1.0,176.0,158.0,154.0,142.0,113.0,-1.0,-1.0,189.0,183.0,162.0,157.0,145.0,130.0,-1.0,194.0,191.0,177.0,168.0,155.0,146.0,131.0,-1.0,205.0,188.0,180.0,165.0,160.0,140.0,138.0,-1.0,205.0,182.0,171.0,162.0,158.0,141.0,133.0,-1.0,217.0,183.0,170.0,152.0,154.0,138.0,137.0,-1.0,216.0,194.0,174.0,159.0,148.0,147.0,142.0,-1.0,-1.0,201.0,175.0,146.0,136.0,128.0,137.0,139.0,147.0,157.0,170.0,173.0,149.0,134.0,88.0,159.0,168.0,186.0,209.0,237.0,-1.0,-1.0,95.0,190.0,212.0,230.0,-1.0,-1.0,-1.0,-1.0,-1.0,231.0,-1.0,-1.0,-1.0,-1.0,-1.0,-1.0,-1.0,-1.0,-1.0,-1.0,-1.0,-1.0,-1.0,-1.0,-1.0,-1.0,-1.0,-1.0,-1.0,-1.0,-1.0,-1.0,-1.0,-1.0,-1.0,-1.0,-1.0,-1.0,-1.0,-1.0,-1.0,-1.0,-1.0,-1.0,-1.0,-1.0,-1.0,-1.0,-1.0
SEQ_000079_000056,Target,SEQ_000079,56,SUBJ_040310,Seated Straight,Performs gesture,Gesture,Forehead - scratch,-0.08984375,8.35546875,-3.1484375,0.16217041015625,0.19189453125,-0.8099365234375,-0.530029296875,29.65560531616211,30.83547592163086,29.72186851501465,29.622127532958984,25.220191955566406,-1.0,182.0,166.0,152.0,147.0,137.0,132.0,129.0,232.0,-1.0,180.0,162.0,155.0,144.0,134.0,129.0,231.0,-1.0,179.0,173.0,162.0,151.0,138.0,141.0,230.0,228.0,-1.0,181.0,157.0,145.0,136.0,138.0,-1.0,227.0,-1.0,172.0,138.0,133.0,125.0,120.0,-1.0,-1.0,-1.0,158.0,144.0,130.0,123.0,121.0,-1.0,-1.0,-1.0,121.0,121.0,112.0,108.0,107.0,-1.0,-1.0,94.0,93.0,86.0,89.0,86.0,94.0,-1.0,212.0,197.0,155.0,125.0,114.0,106.0,109.0,-1.0,-1.0,-1.0,150.0,136.0,124.0,117.0,117.0,-1.0,-1.0,-1.0,116.0,116.0,112.0,114.0,113.0,-1.0,-1.0,103.0,101.0,93.0,104.0,99.0,112.0,-1.0,-1.0,111.0,101.0,94.0,93.0,98.0,101.0,-1.0,-1.0,103.0,95.0,91.0,93.0,92.0,95.0,-1.0,-1.0,110.0,96.0,92.0,88.0,89.0,89.0,-1.0,-1.0,103.0,99.0,89.0,88.0,84.0,91.0,113.0,125.0,155.0,-1.0,-1.0,-1.0,-1.0,-1.0,117.0,133.0,150.0,-1.0,-1.0,-1.0,-1.0,-1.0,127.0,140.0,163.0,-1.0,-1.0,-1.0,-1.0,-1.0,138.0,148.0,166.0,182.0,174.0,156.0,143.0,123.0,138.0,151.0,159.0,159.0,154.0,143.0,135.0,118.0,139.0,146.0,158.0,152.0,141.0,140.0,125.0,100.0,141.0,148.0,155.0,148.0,139.0,135.0,117.0,92.0,140.0,148.0,153.0,147.0,129.0,137.0,109.0,88.0,-1.0,-1.0,-1.0,174.0,159.0,154.0,142.0,115.0,-1.0,-1.0,188.0,174.0,165.0,154.0,147.0,129.0,-1.0,188.0,180.0,170.0,167.0,155.0,150.0,134.0,-1.0,191.0,187.0,172.0,170.0,154.0,145.0,140.0,-1.0,192.0,174.0,164.0,161.0,154.0,141.0,137.0,-1.0,193.0,178.0,161.0,155.0,151.0,140.0,134.0,-1.0,200.0,181.0,165.0,159.0,152.0,146.0,140.0,-1.0,210.0,188.0,163.0,144.0,131.0,127.0,133.0,135.0,134.0,148.0,160.0,161.0,141.0,153.0,104.0,152.0,160.0,174.0,193.0,213.0,233.0,-1.0,120.0,173.0,191.0,199.0,225.0,247.0,-1.0,-1.0,-1.0,201.0,233.0,-1.0,-1.0,-1.0,-1.0,-1.0,-1.0,-1.0,-1.0,-1.0,-1.0,-1.0,-1.0,-1.0,-1.0,-1.0,-1.0,-1.0,-1.0,-1.0,-1.0,-1.0,-1.0,-1.0,-1.0,205.0,-1.0,-1.0,-1.0,-1.0,-1.0,-1.0,-1.0,-1.0,-1.0,-1.0,-1.0,-1.0,-1.0
SEQ_000079_000057,Target,SEQ_000079,57,SUBJ_040310,Seated Straight,Performs gesture,Gesture,Forehead - scratch,1.0625,11.64453125,-4.41015625,0.1783447265625,0.21148681640625,-0.8167724609375,-0.50628662109375,29.75118064880371,30.365005493164062,29.82863998413086,29.675342559814453,25.355690002441406,-1.0,179.0,163.0,147.0,143.0,137.0,128.0,127.0,228.0,193.0,173.0,167.0,152.0,146.0,132.0,131.0,230.0,208.0,182.0,176.0,161.0,145.0,142.0,140.0,230.0,222.0,203.0,185.0,153.0,142.0,137.0,137.0,-1.0,-1.0,-1.0,162.0,142.0,135.0,126.0,118.0,-1.0,-1.0,-1.0,160.0,140.0,126.0,120.0,114.0,-1.0,-1.0,129.0,125.0,116.0,113.0,109.0,106.0,-1.0,111.0,98.0,98.0,92.0,91.0,96.0,95.0,-1.0,213.0,203.0,144.0,128.0,122.0,111.0,109.0,-1.0,-1.0,-1.0,145.0,119.0,113.0,108.0,107.0,-1.0,-1.0,109.0,99.0,97.0,101.0,104.0,106.0,-1.0,-1.0,103.0,96.0,89.0,93.0,96.0,104.0,-1.0,-1.0,102.0,92.0,89.0,89.0,92.0,88.0,-1.0,-1.0,99.0,90.0,87.0,88.0,86.0,76.0,-1.0,-1.0,102.0,91.0,92.0,87.0,83.0,77.0,-1.0,-1.0,-1.0,92.0,87.0,83.0,84.0,73.0,113.0,129.0,156.0,-1.0,-1.0,-1.0,-1.0,-1.0,117.0,131.0,147.0,-1.0,-1.0,-1.0,-1.0,-1.0,125.0,137.0,161.0,180.0,-1.0,-1.0,-1.0,133.0,137.0,146.0,164.0,176.0,174.0,143.0,136.0,119.0,133.0,144.0,154.0,156.0,155.0,135.0,131.0,115.0,135.0,138.0,150.0,144.0,142.0,134.0,122.0,107.0,137.0,138.0,149.0,141.0,139.0,133.0,117.0,100.0,133.0,136.0,148.0,141.0,135.0,132.0,115.0,100.0,-1.0,-1.0,-1.0,173.0,160.0,156.0,144.0,116.0,241.0,198.0,182.0,178.0,163.0,153.0,147.0,134.0,-1.0,191.0,185.0,171.0,167.0,154.0,145.0,136.0,-1.0,194.0,178.0,173.0,166.0,158.0,141.0,140.0,-1.0,190.0,179.0,164.0,155.0,154.0,139.0,132.0,-1.0,191.0,173.0,168.0,155.0,150.0,144.0,139.0,-1.0,200.0,179.0,166.0,156.0,150.0,143.0,142.0,-1.0,211.0,185.0,161.0,140.0,129.0,126.0,130.0,132.0,137.0,150.0,157.0,159.0,143.0,136.0,95.0,148.0,160.0,173.0,187.0,214.0,-1.0,-1.0,101.0,176.0,192.0,201.0,235.0,243.0,-1.0,-1.0,120.0,199.0,231.0,248.0,-1.0,-1.0,-1.0,-1.0,-1.0,-1.0,-1.0,-1.0,-1.0,-1.0,-1.0,-1.0,-1.0,-1.0,-1.0,-1.0,-1.0,-1.0,-1.0,-1.0,-1.0,-1.0,-1.0,-1.0,-1.0,-1.0,-1.0,-1.0,-1.0,-1.0,-1.0,-1.0,-1.0,-1.0,-1.0,-1.0,-1.0
SEQ_000079_000058,Target,SEQ_000079,58,SUBJ_040310,Seated Straight,Performs gesture,Gesture,Forehead - scratch,0.71484375,6.58984375,-3.30078125,0.18408203125,0.21551513671875,-0.804931640625,-0.521240234375,29.73104286193848,30.38495445251465,29.82362365722656,29.80373764038086,25.588308334350582,189.0,172.0,155.0,147.0,142.0,133.0,123.0,125.0,-1.0,181.0,167.0,158.0,146.0,140.0,131.0,127.0,-1.0,193.0,174.0,163.0,158.0,146.0,142.0,140.0,-1.0,214.0,194.0,176.0,152.0,139.0,131.0,140.0,239.0,232.0,209.0,178.0,144.0,130.0,122.0,119.0,-1.0,-1.0,-1.0,153.0,144.0,130.0,126.0,117.0,-1.0,-1.0,-1.0,151.0,129.0,117.0,114.0,108.0,-1.0,-1.0,113.0,109.0,105.0,103.0,99.0,105.0,-1.0,208.0,194.0,155.0,119.0,111.0,103.0,105.0,-1.0,-1.0,-1.0,151.0,140.0,123.0,115.0,112.0,-1.0,-1.0,-1.0,142.0,122.0,116.0,114.0,109.0,-1.0,-1.0,111.0,109.0,101.0,109.0,106.0,109.0,-1.0,-1.0,113.0,102.0,98.0,101.0,104.0,106.0,-1.0,-1.0,113.0,102.0,96.0,97.0,98.0,92.0,-1.0,-1.0,113.0,98.0,95.0,93.0,91.0,82.0,-1.0,-1.0,121.0,100.0,97.0,94.0,90.0,79.0,123.0,140.0,-1.0,-1.0,-1.0,-1.0,-1.0,-1.0,123.0,138.0,160.0,-1.0,-1.0,-1.0,-1.0,111.0,130.0,146.0,170.0,-1.0,-1.0,-1.0,-1.0,111.0,139.0,154.0,170.0,180.0,154.0,147.0,121.0,107.0,138.0,153.0,159.0,160.0,133.0,129.0,121.0,107.0,137.0,145.0,148.0,142.0,130.0,128.0,114.0,97.0,135.0,144.0,140.0,137.0,129.0,121.0,106.0,89.0,131.0,144.0,145.0,137.0,126.0,124.0,105.0,86.0,-1.0,-1.0,-1.0,163.0,148.0,150.0,136.0,107.0,-1.0,179.0,176.0,164.0,153.0,144.0,148.0,127.0,184.0,178.0,171.0,161.0,157.0,143.0,141.0,130.0,189.0,175.0,172.0,167.0,154.0,144.0,137.0,133.0,-1.0,167.0,165.0,151.0,149.0,141.0,133.0,127.0,204.0,177.0,164.0,156.0,142.0,139.0,133.0,131.0,203.0,182.0,165.0,155.0,149.0,142.0,139.0,131.0,-1.0,190.0,169.0,153.0,133.0,121.0,119.0,129.0,129.0,129.0,142.0,152.0,157.0,143.0,146.0,108.0,144.0,156.0,164.0,187.0,202.0,223.0,-1.0,126.0,166.0,178.0,197.0,215.0,238.0,236.0,-1.0,-1.0,189.0,217.0,235.0,-1.0,-1.0,-1.0,-1.0,-1.0,238.0,-1.0,-1.0,-1.0,-1.0,-1.0,-1.0,-1.0,-1.0,-1.0,-1.0,-1.0,-1.0,-1.0,-1.0,-1.0,-1.0,-1.0,-1.0,-1.0,-1.0,-1.0,-1.0,-1.0,-1.0,-1.0,-1.0,-1.0,-1.0,-1.0,-1.0,-1.0
SEQ_000079_000059,Target,SEQ_000079,59,SUBJ_040310,Seated Straight,Performs gesture,Gesture,Forehead - scratch,1.3671875,11.2578125,-4.1796875,0.16436767578125,0.20556640625,-0.81005859375,-0.52398681640625,29.819005966186523,30.56433868408203,29.870649337768555,29.77219009399414,25.46573638916016,-1.0,182.0,162.0,155.0,143.0,138.0,132.0,128.0,235.0,190.0,174.0,165.0,154.0,145.0,134.0,131.0,229.0,212.0,180.0,170.0,162.0,150.0,142.0,142.0,230.0,226.0,198.0,178.0,156.0,142.0,133.0,139.0,-1.0,229.0,-1.0,165.0,135.0,135.0,128.0,120.0,-1.0,-1.0,-1.0,159.0,136.0,124.0,119.0,117.0,-1.0,-1.0,115.0,115.0,114.0,107.0,107.0,103.0,-1.0,98.0,97.0,91.0,90.0,89.0,91.0,98.0,181.0,203.0,195.0,143.0,118.0,109.0,104.0,109.0,-1.0,-1.0,-1.0,148.0,126.0,116.0,111.0,112.0,-1.0,-1.0,116.0,106.0,103.0,104.0,104.0,110.0,-1.0,112.0,96.0,95.0,87.0,95.0,96.0,108.0,-1.0,-1.0,101.0,92.0,89.0,87.0,90.0,95.0,-1.0,-1.0,98.0,91.0,83.0,86.0,85.0,86.0,-1.0,109.0,98.0,89.0,86.0,81.0,84.0,85.0,-1.0,101.0,103.0,89.0,83.0,84.0,81.0,84.0,120.0,134.0,-1.0,-1.0,-1.0,-1.0,-1.0,-1.0,122.0,138.0,154.0,-1.0,-1.0,-1.0,-1.0,-1.0,130.0,141.0,166.0,-1.0,-1.0,-1.0,-1.0,127.0,139.0,152.0,171.0,182.0,175.0,150.0,138.0,115.0,139.0,145.0,160.0,161.0,151.0,135.0,127.0,112.0,133.0,144.0,152.0,147.0,136.0,131.0,122.0,110.0,135.0,136.0,146.0,137.0,131.0,129.0,116.0,101.0,130.0,138.0,147.0,140.0,129.0,132.0,113.0,98.0,-1.0,-1.0,-1.0,168.0,157.0,152.0,139.0,113.0,-1.0,190.0,179.0,166.0,158.0,151.0,147.0,127.0,-1.0,191.0,179.0,171.0,165.0,152.0,146.0,133.0,-1.0,187.0,176.0,169.0,161.0,152.0,141.0,140.0,-1.0,189.0,176.0,163.0,158.0,150.0,137.0,130.0,-1.0,195.0,174.0,161.0,153.0,148.0,138.0,134.0,-1.0,198.0,176.0,163.0,153.0,148.0,143.0,140.0,-1.0,208.0,179.0,157.0,134.0,127.0,120.0,130.0,132.0,136.0,149.0,157.0,154.0,134.0,139.0,96.0,147.0,157.0,167.0,180.0,205.0,204.0,-1.0,106.0,173.0,189.0,199.0,227.0,243.0,-1.0,-1.0,121.0,200.0,224.0,239.0,-1.0,243.0,-1.0,-1.0,-1.0,-1.0,-1.0,-1.0,-1.0,-1.0,-1.0,-1.0,-1.0,-1.0,-1.0,-1.0,-1.0,-1.0,-1.0,-1.0,-1.0,-1.0,-1.0,-1.0,-1.0,-1.0,-1.0,-1.0,-1.0,-1.0,-1.0,-1.0,-1.0,-1.0,-1.0,-1.0,-1.0
SEQ_000079_000060,Target,SEQ_000079,60,SUBJ_040310,Seated Straight,Performs gesture,Gesture,Forehead - scratch,0.6015625,7.51171875,-4.52734375,0.12640380859375,0.1890869140625,-0.81182861328125,-0.53778076171875,29.70576286315918,30.758087158203125,29.55257225036621,29.72136306762696,25.35832595825196,-1.0,189.0,168.0,154.0,149.0,140.0,134.0,132.0,240.0,201.0,175.0,171.0,148.0,145.0,133.0,132.0,234.0,-1.0,187.0,174.0,167.0,159.0,155.0,143.0,232.0,233.0,195.0,184.0,160.0,151.0,143.0,149.0,-1.0,-1.0,-1.0,175.0,150.0,141.0,139.0,141.0,-1.0,-1.0,-1.0,167.0,150.0,135.0,133.0,134.0,-1.0,-1.0,135.0,134.0,129.0,123.0,124.0,121.0,-1.0,108.0,102.0,101.0,98.0,99.0,106.0,113.0,-1.0,212.0,209.0,146.0,126.0,117.0,109.0,118.0,-1.0,-1.0,-1.0,149.0,127.0,121.0,121.0,121.0,-1.0,-1.0,107.0,104.0,101.0,110.0,117.0,123.0,-1.0,-1.0,104.0,102.0,95.0,101.0,102.0,115.0,-1.0,-1.0,103.0,99.0,95.0,96.0,97.0,105.0,-1.0,-1.0,103.0,98.0,93.0,93.0,94.0,96.0,-1.0,112.0,108.0,96.0,93.0,92.0,95.0,97.0,-1.0,106.0,111.0,95.0,93.0,89.0,92.0,92.0,117.0,130.0,-1.0,-1.0,-1.0,-1.0,-1.0,-1.0,118.0,135.0,150.0,-1.0,-1.0,-1.0,-1.0,-1.0,126.0,137.0,163.0,181.0,-1.0,-1.0,-1.0,128.0,136.0,148.0,166.0,179.0,175.0,154.0,139.0,122.0,138.0,146.0,157.0,158.0,156.0,141.0,131.0,115.0,136.0,138.0,155.0,147.0,140.0,136.0,122.0,103.0,138.0,141.0,152.0,141.0,134.0,133.0,113.0,91.0,134.0,140.0,150.0,138.0,129.0,129.0,106.0,92.0,-1.0,-1.0,-1.0,163.0,150.0,151.0,137.0,103.0,237.0,-1.0,169.0,174.0,156.0,151.0,138.0,128.0,-1.0,185.0,176.0,165.0,158.0,146.0,144.0,126.0,200.0,195.0,176.0,172.0,159.0,152.0,139.0,139.0,-1.0,184.0,173.0,163.0,160.0,146.0,139.0,131.0,-1.0,195.0,170.0,169.0,148.0,153.0,133.0,133.0,-1.0,194.0,172.0,161.0,152.0,145.0,139.0,133.0,-1.0,210.0,174.0,164.0,140.0,134.0,126.0,139.0,140.0,137.0,150.0,160.0,164.0,140.0,139.0,97.0,155.0,163.0,178.0,199.0,214.0,-1.0,-1.0,101.0,180.0,195.0,214.0,239.0,-1.0,-1.0,-1.0,124.0,212.0,249.0,-1.0,-1.0,-1.0,-1.0,-1.0,-1.0,-1.0,-1.0,-1.0,-1.0,-1.0,-1.0,-1.0,-1.0,-1.0,-1.0,-1.0,-1.0,-1.0,-1.0,-1.0,-1.0,-1.0,-1.0,-1.0,-1.0,-1.0,-1.0,-1.0,-1.0,-1.0,-1.0,-1.0,-1.0,-1.0,-1.0,-1.0,-1.0
SEQ_000079_000061,Target,SEQ_000079,61,SUBJ_040310,Seated Straight,Performs gesture,Gesture,Forehead - scratch,0.33203125,10.03125,-3.30078125,0.0877685546875,0.16314697265625,-0.8109130859375,-0.55511474609375,29.66789436340332,30.80519294738769,29.472789764404297,29.56136512756348,24.997283935546875,-1.0,196.0,174.0,162.0,154.0,142.0,134.0,132.0,-1.0,-1.0,185.0,164.0,158.0,147.0,135.0,131.0,-1.0,-1.0,191.0,184.0,168.0,160.0,151.0,143.0,-1.0,244.0,-1.0,197.0,162.0,154.0,142.0,148.0,-1.0,-1.0,-1.0,182.0,153.0,141.0,141.0,139.0,-1.0,-1.0,-1.0,166.0,144.0,138.0,132.0,127.0,-1.0,-1.0,119.0,116.0,120.0,122.0,119.0,119.0,-1.0,-1.0,97.0,95.0,91.0,95.0,94.0,108.0,-1.0,213.0,225.0,170.0,138.0,128.0,125.0,133.0,-1.0,-1.0,-1.0,160.0,136.0,132.0,124.0,125.0,-1.0,-1.0,117.0,110.0,115.0,118.0,126.0,129.0,-1.0,-1.0,102.0,104.0,96.0,103.0,100.0,124.0,-1.0,-1.0,109.0,104.0,100.0,102.0,103.0,111.0,-1.0,-1.0,102.0,103.0,92.0,100.0,94.0,103.0,-1.0,109.0,108.0,101.0,94.0,94.0,97.0,103.0,-1.0,102.0,102.0,108.0,92.0,94.0,89.0,104.0,117.0,129.0,-1.0,-1.0,-1.0,-1.0,-1.0,-1.0,116.0,136.0,148.0,-1.0,-1.0,-1.0,-1.0,-1.0,128.0,138.0,163.0,-1.0,-1.0,-1.0,-1.0,-1.0,137.0,152.0,169.0,187.0,-1.0,164.0,-1.0,134.0,142.0,150.0,161.0,170.0,167.0,144.0,142.0,124.0,140.0,147.0,159.0,152.0,152.0,142.0,130.0,110.0,143.0,147.0,156.0,148.0,139.0,134.0,117.0,96.0,140.0,148.0,155.0,144.0,136.0,132.0,113.0,89.0,-1.0,-1.0,-1.0,179.0,163.0,155.0,140.0,108.0,-1.0,-1.0,196.0,181.0,166.0,155.0,147.0,129.0,-1.0,199.0,193.0,182.0,173.0,160.0,149.0,133.0,-1.0,200.0,181.0,182.0,169.0,157.0,145.0,135.0,-1.0,198.0,187.0,170.0,168.0,159.0,148.0,133.0,-1.0,205.0,184.0,172.0,157.0,152.0,140.0,135.0,-1.0,223.0,190.0,169.0,162.0,153.0,143.0,137.0,-1.0,-1.0,199.0,166.0,149.0,137.0,131.0,136.0,144.0,143.0,159.0,165.0,165.0,144.0,154.0,97.0,160.0,172.0,180.0,204.0,227.0,-1.0,-1.0,102.0,189.0,202.0,223.0,247.0,-1.0,-1.0,-1.0,-1.0,220.0,-1.0,-1.0,-1.0,-1.0,-1.0,-1.0,-1.0,-1.0,-1.0,-1.0,-1.0,-1.0,-1.0,-1.0,-1.0,-1.0,-1.0,-1.0,-1.0,-1.0,-1.0,-1.0,-1.0,-1.0,-1.0,-1.0,-1.0,-1.0,-1.0,-1.0,-1.0,-1.0,-1.0,-1.0,-1.0,-1.0,-1.0,-1.0,-1.0
SEQ_000079_000062,Target,SEQ_000079,62,SUBJ_040310,Seated Straight,Performs gesture,Gesture,Forehead - scratch,0.06640625,9.7265625,-5.29296875,0.0423583984375,0.1396484375,-0.82452392578125,-0.546630859375,29.5216121673584,30.760204315185547,29.46777534484864,29.15812492370605,24.63474464416504,-1.0,-1.0,-1.0,170.0,165.0,149.0,138.0,128.0,-1.0,-1.0,201.0,182.0,165.0,158.0,143.0,133.0,-1.0,244.0,-1.0,196.0,184.0,166.0,155.0,144.0,-1.0,-1.0,249.0,-1.0,177.0,163.0,151.0,153.0,-1.0,-1.0,-1.0,-1.0,157.0,148.0,141.0,147.0,-1.0,-1.0,-1.0,150.0,149.0,143.0,141.0,136.0,-1.0,-1.0,108.0,108.0,104.0,109.0,105.0,123.0,-1.0,-1.0,103.0,95.0,94.0,91.0,96.0,101.0,-1.0,201.0,229.0,-1.0,138.0,124.0,119.0,128.0,-1.0,-1.0,-1.0,109.0,113.0,110.0,119.0,127.0,-1.0,-1.0,108.0,99.0,95.0,99.0,106.0,125.0,-1.0,-1.0,107.0,98.0,100.0,96.0,100.0,103.0,-1.0,-1.0,99.0,98.0,92.0,94.0,95.0,99.0,-1.0,-1.0,102.0,97.0,95.0,91.0,95.0,96.0,-1.0,97.0,97.0,103.0,96.0,90.0,90.0,99.0,-1.0,-1.0,106.0,111.0,103.0,93.0,90.0,97.0,107.0,117.0,144.0,-1.0,-1.0,-1.0,-1.0,-1.0,113.0,124.0,138.0,161.0,-1.0,-1.0,-1.0,-1.0,122.0,131.0,152.0,176.0,-1.0,-1.0,-1.0,-1.0,133.0,147.0,162.0,178.0,181.0,175.0,156.0,143.0,139.0,144.0,155.0,167.0,170.0,150.0,148.0,129.0,140.0,144.0,152.0,159.0,158.0,142.0,132.0,117.0,139.0,146.0,154.0,155.0,154.0,138.0,125.0,100.0,144.0,144.0,156.0,152.0,146.0,136.0,117.0,97.0,-1.0,-1.0,-1.0,188.0,164.0,157.0,149.0,110.0,-1.0,-1.0,203.0,188.0,170.0,161.0,143.0,132.0,-1.0,223.0,199.0,186.0,176.0,159.0,149.0,130.0,-1.0,216.0,202.0,192.0,171.0,163.0,149.0,138.0,-1.0,-1.0,197.0,184.0,174.0,162.0,152.0,137.0,-1.0,-1.0,199.0,181.0,162.0,159.0,142.0,136.0,-1.0,-1.0,203.0,181.0,170.0,162.0,151.0,139.0,-1.0,-1.0,215.0,185.0,156.0,143.0,137.0,142.0,155.0,157.0,172.0,182.0,196.0,161.0,106.0,89.0,176.0,185.0,204.0,237.0,-1.0,-1.0,140.0,100.0,212.0,245.0,-1.0,-1.0,-1.0,-1.0,-1.0,-1.0,240.0,-1.0,-1.0,-1.0,-1.0,-1.0,-1.0,-1.0,-1.0,-1.0,-1.0,-1.0,-1.0,-1.0,-1.0,-1.0,-1.0,-1.0,-1.0,-1.0,-1.0,-1.0,-1.0,-1.0,-1.0,-1.0,-1.0,-1.0,-1.0,-1.0,-1.0,-1.0,-1.0,-1.0,-1.0,-1.0,-1.0,-1.0,-1.0,-1.0
SEQ_000079_000063,Target,SEQ_000079,63,SUBJ_040310,Seated Straight,Performs gesture,Gesture,Forehead - scratch,-0.77734375,8.15625,-2.83984375,0.02734375,0.1253662109375,-0.8126220703125,-0.5684814453125,29.23879814147949,30.66805458068848,29.3355655670166,29.109525680541992,24.41588592529297,-1.0,-1.0,196.0,174.0,160.0,146.0,139.0,135.0,-1.0,-1.0,-1.0,178.0,164.0,152.0,138.0,130.0,-1.0,-1.0,-1.0,193.0,176.0,162.0,149.0,144.0,-1.0,-1.0,-1.0,-1.0,177.0,166.0,155.0,152.0,-1.0,-1.0,-1.0,-1.0,168.0,155.0,153.0,150.0,-1.0,-1.0,-1.0,-1.0,152.0,141.0,135.0,134.0,-1.0,-1.0,-1.0,109.0,106.0,113.0,118.0,129.0,-1.0,-1.0,99.0,94.0,93.0,94.0,93.0,106.0,-1.0,-1.0,240.0,199.0,146.0,134.0,127.0,132.0,-1.0,-1.0,-1.0,114.0,127.0,117.0,129.0,128.0,-1.0,-1.0,-1.0,99.0,99.0,101.0,105.0,129.0,-1.0,193.0,118.0,102.0,101.0,98.0,103.0,107.0,-1.0,-1.0,114.0,99.0,97.0,95.0,99.0,105.0,-1.0,190.0,110.0,104.0,94.0,95.0,96.0,102.0,-1.0,-1.0,96.0,97.0,101.0,97.0,95.0,102.0,-1.0,-1.0,101.0,108.0,108.0,101.0,95.0,107.0,110.0,120.0,143.0,-1.0,-1.0,-1.0,-1.0,-1.0,112.0,126.0,145.0,169.0,-1.0,-1.0,-1.0,-1.0,122.0,138.0,156.0,187.0,-1.0,-1.0,-1.0,-1.0,138.0,149.0,171.0,185.0,188.0,163.0,157.0,-1.0,148.0,153.0,164.0,167.0,172.0,153.0,143.0,119.0,147.0,156.0,168.0,163.0,157.0,146.0,129.0,98.0,153.0,154.0,166.0,156.0,152.0,139.0,111.0,91.0,156.0,157.0,170.0,161.0,149.0,140.0,103.0,86.0,-1.0,-1.0,-1.0,192.0,165.0,154.0,149.0,108.0,-1.0,-1.0,206.0,190.0,168.0,159.0,147.0,135.0,-1.0,-1.0,208.0,192.0,177.0,166.0,152.0,133.0,-1.0,-1.0,204.0,189.0,174.0,163.0,154.0,136.0,-1.0,-1.0,203.0,186.0,173.0,162.0,149.0,137.0,-1.0,-1.0,201.0,180.0,169.0,160.0,148.0,134.0,-1.0,-1.0,209.0,186.0,172.0,158.0,144.0,135.0,-1.0,-1.0,-1.0,193.0,158.0,147.0,139.0,141.0,155.0,159.0,176.0,186.0,196.0,162.0,120.0,92.0,174.0,190.0,213.0,241.0,-1.0,-1.0,-1.0,112.0,211.0,-1.0,-1.0,-1.0,-1.0,-1.0,-1.0,-1.0,-1.0,-1.0,-1.0,-1.0,-1.0,-1.0,-1.0,-1.0,-1.0,-1.0,-1.0,-1.0,-1.0,-1.0,-1.0,-1.0,-1.0,-1.0,-1.0,-1.0,-1.0,-1.0,-1.0,-1.0,-1.0,-1.0,-1.0,-1.0,-1.0,-1.0,-1.0,-1.0,-1.0,-1.0,-1.0,-1.0,-1.0,-1.0,-1.0,-1.0
SEQ_000079_000064,Target,SEQ_000079,64,SUBJ_040310,Seated Straight,Performs gesture,Gesture,Forehead - scratch,-0.9296875,11.0703125,-3.98828125,0.01959228515625,0.12591552734375,-0.81927490234375,-0.55902099609375,29.210962295532227,30.88884162902832,29.537172317504883,28.97795486450196,24.340864181518555,-1.0,-1.0,-1.0,181.0,169.0,152.0,140.0,132.0,-1.0,-1.0,-1.0,190.0,165.0,159.0,147.0,137.0,-1.0,-1.0,-1.0,200.0,186.0,170.0,157.0,145.0,-1.0,-1.0,-1.0,-1.0,181.0,167.0,150.0,156.0,-1.0,-1.0,-1.0,-1.0,162.0,145.0,144.0,145.0,-1.0,-1.0,-1.0,-1.0,117.0,131.0,129.0,135.0,-1.0,-1.0,-1.0,97.0,95.0,94.0,94.0,96.0,-1.0,-1.0,108.0,92.0,85.0,87.0,83.0,93.0,-1.0,-1.0,231.0,202.0,141.0,128.0,121.0,134.0,-1.0,-1.0,-1.0,105.0,97.0,97.0,110.0,120.0,-1.0,-1.0,-1.0,96.0,89.0,93.0,90.0,99.0,-1.0,-1.0,-1.0,93.0,88.0,90.0,90.0,93.0,-1.0,-1.0,103.0,90.0,86.0,87.0,90.0,87.0,-1.0,-1.0,100.0,85.0,84.0,89.0,84.0,85.0,-1.0,-1.0,86.0,83.0,87.0,87.0,81.0,84.0,-1.0,-1.0,85.0,78.0,93.0,89.0,85.0,85.0,109.0,113.0,141.0,154.0,-1.0,-1.0,-1.0,-1.0,112.0,125.0,140.0,162.0,-1.0,-1.0,-1.0,-1.0,122.0,135.0,151.0,182.0,-1.0,-1.0,-1.0,-1.0,133.0,152.0,165.0,182.0,187.0,180.0,168.0,-1.0,144.0,153.0,166.0,178.0,174.0,158.0,154.0,123.0,145.0,154.0,158.0,168.0,166.0,152.0,137.0,106.0,150.0,156.0,168.0,162.0,161.0,146.0,120.0,94.0,156.0,161.0,166.0,168.0,157.0,146.0,110.0,92.0,-1.0,-1.0,-1.0,-1.0,182.0,169.0,163.0,118.0,-1.0,-1.0,-1.0,208.0,183.0,170.0,154.0,145.0,-1.0,-1.0,222.0,201.0,195.0,173.0,161.0,140.0,-1.0,-1.0,224.0,207.0,184.0,176.0,162.0,146.0,-1.0,-1.0,218.0,203.0,189.0,176.0,160.0,147.0,-1.0,-1.0,223.0,202.0,180.0,171.0,156.0,147.0,-1.0,-1.0,240.0,207.0,180.0,172.0,159.0,146.0,-1.0,-1.0,-1.0,210.0,167.0,154.0,147.0,148.0,159.0,159.0,178.0,188.0,207.0,167.0,110.0,89.0,184.0,193.0,215.0,246.0,-1.0,-1.0,-1.0,120.0,221.0,-1.0,-1.0,-1.0,-1.0,-1.0,-1.0,-1.0,-1.0,-1.0,-1.0,-1.0,-1.0,-1.0,-1.0,-1.0,-1.0,-1.0,-1.0,-1.0,-1.0,-1.0,-1.0,-1.0,-1.0,-1.0,-1.0,-1.0,-1.0,-1.0,-1.0,-1.0,-1.0,-1.0,-1.0,-1.0,-1.0,-1.0,-1.0,-1.0,-1.0,-1.0,-1.0,-1.0,-1.0,-1.0,-1.0,-1.0
SEQ_000079_000065,Target,SEQ_000079,65,SUBJ_040310,Seated Straight,Performs gesture,Gesture,Forehead - scratch,-0.89453125,7.47265625,-3.4921875,0.01611328125,0.12847900390625,-0.818115234375,-0.560302734375,29.27408599853516,30.92855453491211,29.44258689880371,29.01694297790528,24.39004135131836,-1.0,-1.0,-1.0,176.0,166.0,147.0,138.0,130.0,-1.0,-1.0,-1.0,187.0,165.0,159.0,140.0,130.0,-1.0,-1.0,-1.0,197.0,178.0,168.0,149.0,141.0,-1.0,-1.0,247.0,-1.0,174.0,159.0,153.0,151.0,-1.0,-1.0,245.0,-1.0,167.0,150.0,150.0,150.0,-1.0,-1.0,-1.0,172.0,144.0,137.0,134.0,130.0,-1.0,-1.0,-1.0,108.0,93.0,95.0,101.0,109.0,-1.0,-1.0,-1.0,92.0,87.0,81.0,86.0,90.0,-1.0,-1.0,230.0,-1.0,140.0,129.0,128.0,135.0,-1.0,-1.0,-1.0,138.0,105.0,100.0,114.0,124.0,-1.0,-1.0,-1.0,96.0,89.0,88.0,92.0,106.0,-1.0,-1.0,-1.0,96.0,87.0,93.0,91.0,100.0,-1.0,-1.0,109.0,87.0,84.0,91.0,91.0,90.0,-1.0,-1.0,106.0,92.0,80.0,88.0,85.0,87.0,-1.0,-1.0,103.0,86.0,90.0,87.0,83.0,85.0,-1.0,-1.0,91.0,73.0,77.0,91.0,85.0,92.0,105.0,114.0,134.0,153.0,-1.0,-1.0,-1.0,-1.0,112.0,119.0,141.0,154.0,-1.0,-1.0,-1.0,-1.0,120.0,135.0,153.0,185.0,-1.0,-1.0,-1.0,-1.0,136.0,147.0,166.0,174.0,181.0,169.0,-1.0,-1.0,147.0,152.0,163.0,170.0,168.0,152.0,142.0,103.0,148.0,154.0,163.0,169.0,160.0,143.0,114.0,93.0,154.0,157.0,165.0,162.0,153.0,144.0,101.0,85.0,156.0,151.0,170.0,160.0,155.0,138.0,89.0,84.0,-1.0,-1.0,-1.0,-1.0,174.0,164.0,154.0,110.0,-1.0,-1.0,-1.0,202.0,171.0,162.0,147.0,137.0,-1.0,-1.0,211.0,201.0,189.0,171.0,154.0,136.0,-1.0,-1.0,218.0,198.0,182.0,170.0,157.0,139.0,-1.0,-1.0,213.0,199.0,180.0,171.0,157.0,141.0,-1.0,-1.0,213.0,183.0,174.0,168.0,148.0,141.0,-1.0,-1.0,224.0,193.0,179.0,164.0,145.0,143.0,-1.0,-1.0,-1.0,197.0,165.0,151.0,144.0,146.0,153.0,157.0,172.0,184.0,188.0,158.0,152.0,91.0,177.0,190.0,204.0,238.0,-1.0,-1.0,-1.0,129.0,212.0,-1.0,-1.0,-1.0,-1.0,-1.0,-1.0,-1.0,-1.0,-1.0,-1.0,-1.0,-1.0,-1.0,-1.0,-1.0,-1.0,-1.0,-1.0,-1.0,-1.0,-1.0,-1.0,-1.0,-1.0,-1.0,-1.0,-1.0,-1.0,-1.0,-1.0,-1.0,-1.0,-1.0,-1.0,-1.0,-1.0,-1.0,-1.0,-1.0,-1.0,-1.0,-1.0,-1.0,-1.0,-1.0,-1.0,-1.0
SEQ_000079_000066,Target,SEQ_000079,66,SUBJ_040310,Seated Straight,Performs gesture,Gesture,Forehead - scratch,-1.4296875,9.80859375,-4.02734375,0.0537109375,0.09161376953125,-0.76458740234375,-0.63568115234375,29.20078659057617,30.558040618896484,29.163249969482425,29.116724014282227,24.405467987060547,-1.0,-1.0,191.0,172.0,161.0,149.0,137.0,130.0,-1.0,245.0,207.0,182.0,168.0,155.0,142.0,134.0,-1.0,241.0,-1.0,193.0,178.0,164.0,151.0,145.0,-1.0,247.0,249.0,-1.0,178.0,166.0,157.0,154.0,-1.0,-1.0,244.0,-1.0,158.0,154.0,158.0,154.0,-1.0,-1.0,-1.0,180.0,138.0,144.0,135.0,138.0,-1.0,-1.0,-1.0,106.0,99.0,100.0,106.0,118.0,-1.0,-1.0,111.0,96.0,88.0,91.0,88.0,99.0,-1.0,-1.0,-1.0,181.0,147.0,138.0,138.0,140.0,-1.0,-1.0,-1.0,158.0,115.0,132.0,129.0,136.0,-1.0,-1.0,-1.0,109.0,103.0,104.0,114.0,135.0,-1.0,-1.0,138.0,113.0,101.0,105.0,103.0,116.0,-1.0,-1.0,130.0,101.0,99.0,104.0,103.0,106.0,-1.0,-1.0,123.0,105.0,100.0,106.0,104.0,110.0,-1.0,-1.0,112.0,99.0,104.0,103.0,106.0,107.0,-1.0,-1.0,-1.0,105.0,106.0,113.0,101.0,129.0,104.0,108.0,134.0,150.0,-1.0,-1.0,-1.0,-1.0,107.0,117.0,135.0,150.0,-1.0,-1.0,-1.0,-1.0,118.0,129.0,143.0,169.0,-1.0,-1.0,-1.0,-1.0,127.0,147.0,158.0,175.0,179.0,169.0,160.0,-1.0,142.0,149.0,158.0,166.0,169.0,152.0,139.0,104.0,146.0,151.0,152.0,161.0,158.0,140.0,120.0,93.0,149.0,152.0,160.0,157.0,154.0,135.0,104.0,84.0,150.0,153.0,162.0,159.0,153.0,140.0,91.0,82.0,-1.0,-1.0,-1.0,-1.0,172.0,162.0,151.0,105.0,-1.0,-1.0,-1.0,193.0,174.0,163.0,148.0,133.0,-1.0,-1.0,206.0,196.0,185.0,170.0,150.0,135.0,-1.0,-1.0,213.0,195.0,179.0,175.0,153.0,140.0,-1.0,-1.0,206.0,190.0,174.0,164.0,150.0,139.0,-1.0,-1.0,206.0,186.0,171.0,164.0,146.0,139.0,-1.0,-1.0,214.0,191.0,171.0,161.0,148.0,140.0,-1.0,-1.0,-1.0,189.0,164.0,152.0,143.0,149.0,152.0,157.0,171.0,183.0,185.0,159.0,141.0,93.0,178.0,188.0,208.0,-1.0,-1.0,-1.0,-1.0,125.0,212.0,-1.0,-1.0,-1.0,-1.0,-1.0,-1.0,-1.0,-1.0,243.0,-1.0,-1.0,-1.0,-1.0,-1.0,-1.0,-1.0,-1.0,-1.0,-1.0,-1.0,-1.0,-1.0,-1.0,-1.0,-1.0,-1.0,-1.0,-1.0,-1.0,-1.0,-1.0,-1.0,-1.0,-1.0,-1.0,-1.0,-1.0,-1.0,-1.0,-1.0,-1.0,-1.0,-1.0,-1.0,-1.0,-1.0,-1.0
